year_month,year,month,region,temp_anomaly_c,temp_anomaly_baseline,co2_ppm,has_co2_ppm,temp_anomaly_roll12m
2000-01,2000,1,Arctic,1.5,1951-1980,,0,1.5
2000-02,2000,2,Arctic,1.535,1951-1980,,0,1.5175
2000-03,2000,3,Arctic,1.551,1951-1980,,0,1.5287
2000-04,2000,4,Arctic,1.561,1951-1980,,0,1.5368
2000-05,2000,5,Arctic,1.552,1951-1980,,0,1.5398
2000-06,2000,6,Arctic,1.564,1951-1980,,0,1.5438
2000-07,2000,7,Arctic,1.604,1951-1980,,0,1.5524
2000-08,2000,8,Arctic,1.601,1951-1980,,0,1.5585
2000-09,2000,9,Arctic,1.596,1951-1980,,0,1.5627
2000-10,2000,10,Arctic,1.604,1951-1980,,0,1.5668
2000-11,2000,11,Arctic,1.736,1951-1980,,0,1.5822
2000-12,2000,12,Arctic,1.673,1951-1980,,0,1.5898
2001-01,2001,1,Arctic,1.664,1951-1980,,0,1.6034
2001-02,2001,2,Arctic,1.775,1951-1980,,0,1.6234
2001-03,2001,3,Arctic,1.864,1951-1980,,0,1.6495
2001-04,2001,4,Arctic,1.716,1951-1980,,0,1.6624
2001-05,2001,5,Arctic,1.798,1951-1980,,0,1.6829
2001-06,2001,6,Arctic,1.879,1951-1980,,0,1.7092
2001-07,2001,7,Arctic,1.815,1951-1980,,0,1.7268
2001-08,2001,8,Arctic,1.822,1951-1980,,0,1.7452
2001-09,2001,9,Arctic,1.895,1951-1980,,0,1.7701
2001-10,2001,10,Arctic,1.912,1951-1980,,0,1.7958
2001-11,2001,11,Arctic,1.931,1951-1980,,0,1.812
2001-12,2001,12,Arctic,1.915,1951-1980,,0,1.8322
2002-01,2002,1,Arctic,1.963,1951-1980,,0,1.8571
2002-02,2002,2,Arctic,2.009,1951-1980,,0,1.8766
2002-03,2002,3,Arctic,2.0,1951-1980,,0,1.8879
2002-04,2002,4,Arctic,2.063,1951-1980,,0,1.9168
2002-05,2002,5,Arctic,2.038,1951-1980,,0,1.9368
2002-06,2002,6,Arctic,2.045,1951-1980,,0,1.9507
2002-07,2002,7,Arctic,2.071,1951-1980,,0,1.972
2002-08,2002,8,Arctic,2.078,1951-1980,,0,1.9933
2002-09,2002,9,Arctic,2.203,1951-1980,,0,2.019
2002-10,2002,10,Arctic,2.175,1951-1980,,0,2.0409
2002-11,2002,11,Arctic,2.221,1951-1980,,0,2.0651
2002-12,2002,12,Arctic,2.242,1951-1980,,0,2.0923
2003-01,2003,1,Arctic,2.237,1951-1980,,0,2.1152
2003-02,2003,2,Arctic,2.203,1951-1980,,0,2.1313
2003-03,2003,3,Arctic,2.217,1951-1980,,0,2.1494
2003-04,2003,4,Arctic,2.242,1951-1980,,0,2.1643
2003-05,2003,5,Arctic,2.335,1951-1980,,0,2.1891
2003-06,2003,6,Arctic,2.291,1951-1980,,0,2.2096
2003-07,2003,7,Arctic,2.183,1951-1980,,0,2.2189
2003-08,2003,8,Arctic,2.149,1951-1980,,0,2.2248
2003-09,2003,9,Arctic,2.09,1951-1980,,0,2.2154
2003-10,2003,10,Arctic,2.03,1951-1980,,0,2.2033
2003-11,2003,11,Arctic,2.056,1951-1980,,0,2.1896
2003-12,2003,12,Arctic,2.196,1951-1980,,0,2.1858
2004-01,2004,1,Arctic,2.183,1951-1980,,0,2.1812
2004-02,2004,2,Arctic,2.105,1951-1980,,0,2.1731
2004-03,2004,3,Arctic,2.105,1951-1980,,0,2.1638
2004-04,2004,4,Arctic,2.084,1951-1980,,0,2.1506
2004-05,2004,5,Arctic,2.02,1951-1980,,0,2.1243
2004-06,2004,6,Arctic,2.008,1951-1980,,0,2.1008
2004-07,2004,7,Arctic,1.939,1951-1980,,0,2.0804
2004-08,2004,8,Arctic,1.917,1951-1980,,0,2.0611
2004-09,2004,9,Arctic,1.953,1951-1980,,0,2.0497
2004-10,2004,10,Arctic,1.95,1951-1980,,0,2.043
2004-11,2004,11,Arctic,1.893,1951-1980,,0,2.0294
2004-12,2004,12,Arctic,1.893,1951-1980,,0,2.0042
2005-01,2005,1,Arctic,1.894,1951-1980,,0,1.9801
2005-02,2005,2,Arctic,1.933,1951-1980,,0,1.9658
2005-03,2005,3,Arctic,2.032,1951-1980,,0,1.9597
2005-04,2005,4,Arctic,2.035,1951-1980,,0,1.9556
2005-05,2005,5,Arctic,2.037,1951-1980,,0,1.957
2005-06,2005,6,Arctic,2.19,1951-1980,,0,1.9722
2005-07,2005,7,Arctic,2.2,1951-1980,,0,1.9939
2005-08,2005,8,Arctic,2.193,1951-1980,,0,2.0169
2005-09,2005,9,Arctic,2.243,1951-1980,,0,2.0411
2005-10,2005,10,Arctic,2.253,1951-1980,,0,2.0663
2005-11,2005,11,Arctic,2.325,1951-1980,,0,2.1023
2005-12,2005,12,Arctic,2.401,1951-1980,,0,2.1447
2006-01,2006,1,Arctic,2.425,1951-1980,,0,2.1889
2006-02,2006,2,Arctic,2.343,1951-1980,,0,2.2231
2006-03,2006,3,Arctic,2.368,1951-1980,,0,2.2511
2006-04,2006,4,Arctic,2.382,1951-1980,,0,2.28
2006-05,2006,5,Arctic,2.298,1951-1980,,0,2.3017
2006-06,2006,6,Arctic,2.333,1951-1980,,0,2.3137
2006-07,2006,7,Arctic,2.332,1951-1980,,0,2.3247
2006-08,2006,8,Arctic,2.232,1951-1980,,0,2.3279
2006-09,2006,9,Arctic,2.159,1951-1980,,0,2.3209
2006-10,2006,10,Arctic,2.174,1951-1980,,0,2.3143
2006-11,2006,11,Arctic,2.228,1951-1980,,0,2.3062
2006-12,2006,12,Arctic,2.12,1951-1980,,0,2.2828
2007-01,2007,1,Arctic,2.227,1951-1980,,0,2.2663
2007-02,2007,2,Arctic,2.164,1951-1980,,0,2.2514
2007-03,2007,3,Arctic,2.26,1951-1980,,0,2.2424
2007-04,2007,4,Arctic,2.185,1951-1980,,0,2.226
2007-05,2007,5,Arctic,2.249,1951-1980,,0,2.2219
2007-06,2007,6,Arctic,2.3,1951-1980,,0,2.2192
2007-07,2007,7,Arctic,2.21,1951-1980,,0,2.209
2007-08,2007,8,Arctic,2.336,1951-1980,,0,2.2177
2007-09,2007,9,Arctic,2.259,1951-1980,,0,2.226
2007-10,2007,10,Arctic,2.248,1951-1980,,0,2.2322
2007-11,2007,11,Arctic,2.2,1951-1980,,0,2.2298
2007-12,2007,12,Arctic,2.291,1951-1980,,0,2.2441
2008-01,2008,1,Arctic,2.237,1951-1980,,0,2.2449
2008-02,2008,2,Arctic,2.194,1951-1980,,0,2.2474
2008-03,2008,3,Arctic,2.224,1951-1980,,0,2.2444
2008-04,2008,4,Arctic,2.096,1951-1980,,0,2.237
2008-05,2008,5,Arctic,2.203,1951-1980,,0,2.2332
2008-06,2008,6,Arctic,2.123,1951-1980,,0,2.2184
2008-07,2008,7,Arctic,2.077,1951-1980,,0,2.2073
2008-08,2008,8,Arctic,2.0,1951-1980,,0,2.1793
2008-09,2008,9,Arctic,1.986,1951-1980,,0,2.1566
2008-10,2008,10,Arctic,1.918,1951-1980,,0,2.1291
2008-11,2008,11,Arctic,1.838,1951-1980,,0,2.0989
2008-12,2008,12,Arctic,1.839,1951-1980,,0,2.0612
2009-01,2009,1,Arctic,1.922,1951-1980,,0,2.035
2009-02,2009,2,Arctic,1.948,1951-1980,,0,2.0145
2009-03,2009,3,Arctic,1.986,1951-1980,,0,1.9947
2009-04,2009,4,Arctic,2.004,1951-1980,,0,1.987
2009-05,2009,5,Arctic,2.007,1951-1980,,0,1.9707
2009-06,2009,6,Arctic,2.031,1951-1980,,0,1.963
2009-07,2009,7,Arctic,2.168,1951-1980,,0,1.9706
2009-08,2009,8,Arctic,2.195,1951-1980,,0,1.9868
2009-09,2009,9,Arctic,2.204,1951-1980,,0,2.005
2009-10,2009,10,Arctic,2.277,1951-1980,,0,2.0349
2009-11,2009,11,Arctic,2.399,1951-1980,,0,2.0817
2009-12,2009,12,Arctic,2.401,1951-1980,,0,2.1285
2010-01,2010,1,Arctic,2.351,1951-1980,,0,2.1642
2010-02,2010,2,Arctic,2.429,1951-1980,,0,2.2043
2010-03,2010,3,Arctic,2.488,1951-1980,,0,2.2462
2010-04,2010,4,Arctic,2.49,1951-1980,,0,2.2867
2010-05,2010,5,Arctic,2.422,1951-1980,,0,2.3212
2010-06,2010,6,Arctic,2.442,1951-1980,,0,2.3555
2010-07,2010,7,Arctic,2.455,1951-1980,,0,2.3794
2010-08,2010,8,Arctic,2.364,1951-1980,,0,2.3935
2010-09,2010,9,Arctic,2.401,1951-1980,,0,2.4099
2010-10,2010,10,Arctic,2.423,1951-1980,,0,2.4221
2010-11,2010,11,Arctic,2.359,1951-1980,,0,2.4187
2010-12,2010,12,Arctic,2.358,1951-1980,,0,2.4152
2011-01,2011,1,Arctic,2.427,1951-1980,,0,2.4215
2011-02,2011,2,Arctic,2.389,1951-1980,,0,2.4182
2011-03,2011,3,Arctic,2.325,1951-1980,,0,2.4046
2011-04,2011,4,Arctic,2.384,1951-1980,,0,2.3958
2011-05,2011,5,Arctic,2.322,1951-1980,,0,2.3874
2011-06,2011,6,Arctic,2.265,1951-1980,,0,2.3727
2011-07,2011,7,Arctic,2.248,1951-1980,,0,2.3554
2011-08,2011,8,Arctic,2.18,1951-1980,,0,2.3401
2011-09,2011,9,Arctic,2.078,1951-1980,,0,2.3132
2011-10,2011,10,Arctic,2.143,1951-1980,,0,2.2898
2011-11,2011,11,Arctic,2.074,1951-1980,,0,2.2661
2011-12,2011,12,Arctic,2.063,1951-1980,,0,2.2415
2012-01,2012,1,Arctic,2.144,1951-1980,,0,2.2179
2012-02,2012,2,Arctic,2.134,1951-1980,,0,2.1967
2012-03,2012,3,Arctic,2.149,1951-1980,,0,2.182
2012-04,2012,4,Arctic,2.074,1951-1980,,0,2.1562
2012-05,2012,5,Arctic,2.086,1951-1980,,0,2.1365
2012-06,2012,6,Arctic,2.071,1951-1980,,0,2.1203
2012-07,2012,7,Arctic,2.228,1951-1980,,0,2.1187
2012-08,2012,8,Arctic,2.243,1951-1980,,0,2.1239
2012-09,2012,9,Arctic,2.213,1951-1980,,0,2.1352
2012-10,2012,10,Arctic,2.21,1951-1980,,0,2.1408
2012-11,2012,11,Arctic,2.229,1951-1980,,0,2.1537
2012-12,2012,12,Arctic,2.274,1951-1980,,0,2.1712
2013-01,2013,1,Arctic,2.262,1951-1980,,0,2.1811
2013-02,2013,2,Arctic,2.308,1951-1980,,0,2.1956
2013-03,2013,3,Arctic,2.364,1951-1980,,0,2.2135
2013-04,2013,4,Arctic,2.317,1951-1980,,0,2.2338
2013-05,2013,5,Arctic,2.389,1951-1980,,0,2.259
2013-06,2013,6,Arctic,2.388,1951-1980,,0,2.2854
2013-07,2013,7,Arctic,2.272,1951-1980,,0,2.2891
2013-08,2013,8,Arctic,2.268,1951-1980,,0,2.2912
2013-09,2013,9,Arctic,2.391,1951-1980,,0,2.306
2013-10,2013,10,Arctic,2.304,1951-1980,,0,2.3138
2013-11,2013,11,Arctic,2.347,1951-1980,,0,2.3237
2013-12,2013,12,Arctic,2.36,1951-1980,,0,2.3308
2014-01,2014,1,Arctic,2.35,1951-1980,,0,2.3382
2014-02,2014,2,Arctic,2.448,1951-1980,,0,2.3498
2014-03,2014,3,Arctic,2.388,1951-1980,,0,2.3518
2014-04,2014,4,Arctic,2.58,1951-1980,,0,2.3737
2014-05,2014,5,Arctic,2.542,1951-1980,,0,2.3865
2014-06,2014,6,Arctic,2.551,1951-1980,,0,2.4001
2014-07,2014,7,Arctic,2.523,1951-1980,,0,2.421
2014-08,2014,8,Arctic,2.568,1951-1980,,0,2.446
2014-09,2014,9,Arctic,2.577,1951-1980,,0,2.4615
2014-10,2014,10,Arctic,2.584,1951-1980,,0,2.4848
2014-11,2014,11,Arctic,2.581,1951-1980,,0,2.5043
2014-12,2014,12,Arctic,2.635,1951-1980,,0,2.5272
2015-01,2015,1,Arctic,2.7,1951-1980,,0,2.5564
2015-02,2015,2,Arctic,2.69,1951-1980,,0,2.5766
2015-03,2015,3,Arctic,2.786,1951-1980,,0,2.6098
2015-04,2015,4,Arctic,2.789,1951-1980,,0,2.6272
2015-05,2015,5,Arctic,2.924,1951-1980,,0,2.659
2015-06,2015,6,Arctic,2.909,1951-1980,,0,2.6888
2015-07,2015,7,Arctic,2.906,1951-1980,,0,2.7208
2015-08,2015,8,Arctic,3.095,1951-1980,,0,2.7647
2015-09,2015,9,Arctic,3.246,1951-1980,,0,2.8204
2015-10,2015,10,Arctic,3.222,1951-1980,,0,2.8736
2015-11,2015,11,Arctic,3.204,1951-1980,,0,2.9255
2015-12,2015,12,Arctic,3.263,1951-1980,,0,2.9778
2016-01,2016,1,Arctic,3.383,1951-1980,,0,3.0348
2016-02,2016,2,Arctic,3.425,1951-1980,,0,3.096
2016-03,2016,3,Arctic,3.443,1951-1980,,0,3.1508
2016-04,2016,4,Arctic,3.476,1951-1980,,0,3.208
2016-05,2016,5,Arctic,3.499,1951-1980,,0,3.2559
2016-06,2016,6,Arctic,3.478,1951-1980,,0,3.3033
2016-07,2016,7,Arctic,3.417,1951-1980,,0,3.3459
2016-08,2016,8,Arctic,3.357,1951-1980,,0,3.3678
2016-09,2016,9,Arctic,3.41,1951-1980,,0,3.3814
2016-10,2016,10,Arctic,3.54,1951-1980,,0,3.4079
2016-11,2016,11,Arctic,3.467,1951-1980,,0,3.4298
2016-12,2016,12,Arctic,3.571,1951-1980,,0,3.4555
2017-01,2017,1,Arctic,3.398,1951-1980,,0,3.4568
2017-02,2017,2,Arctic,3.469,1951-1980,,0,3.4604
2017-03,2017,3,Arctic,3.457,1951-1980,,0,3.4616
2017-04,2017,4,Arctic,3.494,1951-1980,,0,3.4631
2017-05,2017,5,Arctic,3.423,1951-1980,,0,3.4568
2017-06,2017,6,Arctic,3.398,1951-1980,,0,3.4501
2017-07,2017,7,Arctic,3.361,1951-1980,,0,3.4454
2017-08,2017,8,Arctic,3.277,1951-1980,,0,3.4388
2017-09,2017,9,Arctic,3.305,1951-1980,,0,3.43
2017-10,2017,10,Arctic,3.165,1951-1980,,0,3.3988
2017-11,2017,11,Arctic,3.244,1951-1980,,0,3.3802
2017-12,2017,12,Arctic,3.213,1951-1980,,0,3.3503
2018-01,2018,1,Arctic,3.19,1951-1980,,0,3.333
2018-02,2018,2,Arctic,3.136,1951-1980,,0,3.3053
2018-03,2018,3,Arctic,3.128,1951-1980,,0,3.2778
2018-04,2018,4,Arctic,3.152,1951-1980,,0,3.2493
2018-05,2018,5,Arctic,3.123,1951-1980,,0,3.2243
2018-06,2018,6,Arctic,3.142,1951-1980,,0,3.203
2018-07,2018,7,Arctic,3.115,1951-1980,,0,3.1825
2018-08,2018,8,Arctic,3.076,1951-1980,,0,3.1658
2018-09,2018,9,Arctic,2.978,1951-1980,,0,3.1385
2018-10,2018,10,Arctic,2.94,1951-1980,,0,3.1198
2018-11,2018,11,Arctic,2.992,1951-1980,,0,3.0988
2018-12,2018,12,Arctic,2.958,1951-1980,,0,3.0775
2019-01,2019,1,Arctic,3.071,1951-1980,,0,3.0676
2019-02,2019,2,Arctic,3.063,1951-1980,,0,3.0615
2019-03,2019,3,Arctic,3.11,1951-1980,,0,3.06
2019-04,2019,4,Arctic,3.103,1951-1980,,0,3.0559
2019-05,2019,5,Arctic,3.149,1951-1980,,0,3.0581
2019-06,2019,6,Arctic,3.182,1951-1980,,0,3.0614
2019-07,2019,7,Arctic,3.173,1951-1980,,0,3.0662
2019-08,2019,8,Arctic,3.28,1951-1980,,0,3.0832
2019-09,2019,9,Arctic,3.296,1951-1980,,0,3.1098
2019-10,2019,10,Arctic,3.275,1951-1980,,0,3.1377
2019-11,2019,11,Arctic,3.386,1951-1980,,0,3.1705
2019-12,2019,12,Arctic,3.454,1951-1980,,0,3.2118
2020-01,2020,1,Arctic,3.454,1951-1980,,0,3.2438
2020-02,2020,2,Arctic,3.447,1951-1980,,0,3.2758
2020-03,2020,3,Arctic,3.431,1951-1980,,0,3.3025
2020-04,2020,4,Arctic,3.448,1951-1980,,0,3.3312
2020-05,2020,5,Arctic,3.442,1951-1980,,0,3.3557
2020-06,2020,6,Arctic,3.466,1951-1980,,0,3.3793
2020-07,2020,7,Arctic,3.514,1951-1980,,0,3.4078
2020-08,2020,8,Arctic,3.414,1951-1980,,0,3.4189
2020-09,2020,9,Arctic,3.355,1951-1980,,0,3.4238
2020-10,2020,10,Arctic,3.382,1951-1980,,0,3.4328
2020-11,2020,11,Arctic,3.452,1951-1980,,0,3.4382
2020-12,2020,12,Arctic,3.447,1951-1980,,0,3.4377
2021-01,2021,1,Arctic,3.39,1951-1980,,0,3.4323
2021-02,2021,2,Arctic,3.415,1951-1980,,0,3.4297
2021-03,2021,3,Arctic,3.308,1951-1980,,0,3.4194
2021-04,2021,4,Arctic,3.296,1951-1980,,0,3.4068
2021-05,2021,5,Arctic,3.259,1951-1980,,0,3.3915
2021-06,2021,6,Arctic,3.151,1951-1980,,0,3.3652
2021-07,2021,7,Arctic,3.165,1951-1980,,0,3.3362
2021-08,2021,8,Arctic,3.068,1951-1980,,0,3.3073
2021-09,2021,9,Arctic,3.027,1951-1980,,0,3.28
2021-10,2021,10,Arctic,2.87,1951-1980,,0,3.2373
2021-11,2021,11,Arctic,2.958,1951-1980,,0,3.1962
2021-12,2021,12,Arctic,2.866,1951-1980,,0,3.1478
2022-01,2022,1,Arctic,2.903,1951-1980,,0,3.1072
2022-02,2022,2,Arctic,2.867,1951-1980,,0,3.0615
2022-03,2022,3,Arctic,2.987,1951-1980,,0,3.0348
2022-04,2022,4,Arctic,2.957,1951-1980,,0,3.0065
2022-05,2022,5,Arctic,2.933,1951-1980,,0,2.9793
2022-06,2022,6,Arctic,2.965,1951-1980,,0,2.9638
2022-07,2022,7,Arctic,2.896,1951-1980,,0,2.9414
2022-08,2022,8,Arctic,2.959,1951-1980,,0,2.9323
2022-09,2022,9,Arctic,2.922,1951-1980,,0,2.9236
2022-10,2022,10,Arctic,2.909,1951-1980,,0,2.9268
2022-11,2022,11,Arctic,2.975,1951-1980,,0,2.9283
2022-12,2022,12,Arctic,2.978,1951-1980,,0,2.9376
2023-01,2023,1,Arctic,3.213,1951-1980,,0,2.9634
2023-02,2023,2,Arctic,3.368,1951-1980,,0,3.0052
2023-03,2023,3,Arctic,3.343,1951-1980,,0,3.0348
2023-04,2023,4,Arctic,3.459,1951-1980,,0,3.0767
2023-05,2023,5,Arctic,3.555,1951-1980,,0,3.1285
2023-06,2023,6,Arctic,3.623,1951-1980,,0,3.1833
2023-07,2023,7,Arctic,3.688,1951-1980,,0,3.2493
2023-08,2023,8,Arctic,3.974,1951-1980,,0,3.3339
2023-09,2023,9,Arctic,3.906,1951-1980,,0,3.4159
2023-10,2023,10,Arctic,4.104,1951-1980,,0,3.5155
2023-11,2023,11,Arctic,4.158,1951-1980,,0,3.6141
2023-12,2023,12,Arctic,4.295,1951-1980,,0,3.7238
2024-01,2024,1,Arctic,4.312,1951-1980,,0,3.8154
2024-02,2024,2,Arctic,4.329,1951-1980,,0,3.8955
2024-03,2024,3,Arctic,4.423,1951-1980,,0,3.9855
2024-04,2024,4,Arctic,4.398,1951-1980,,0,4.0638
2024-05,2024,5,Arctic,4.463,1951-1980,,0,4.1394
2024-06,2024,6,Arctic,4.522,1951-1980,,0,4.2143
2024-07,2024,7,Arctic,4.336,1951-1980,,0,4.2683
2024-08,2024,8,Arctic,4.34,1951-1980,,0,4.2988
2024-09,2024,9,Arctic,4.399,1951-1980,,0,4.3399
2024-10,2024,10,Arctic,4.467,1951-1980,,0,4.3702
2024-11,2024,11,Arctic,4.439,1951-1980,,0,4.3936
2024-12,2024,12,Arctic,4.417,1951-1980,,0,4.4037
2025-01,2025,1,Arctic,4.462,1951-1980,,0,4.4163
2025-02,2025,2,Arctic,4.478,1951-1980,,0,4.4287
2025-03,2025,3,Arctic,4.381,1951-1980,,0,4.4252
2025-04,2025,4,Arctic,4.418,1951-1980,,0,4.4268
2025-05,2025,5,Arctic,4.374,1951-1980,,0,4.4194
2025-06,2025,6,Arctic,4.36,1951-1980,,0,4.4059
2025-07,2025,7,Arctic,4.37,1951-1980,,0,4.4088
2025-08,2025,8,Arctic,4.378,1951-1980,,0,4.4119
2025-09,2025,9,Arctic,4.332,1951-1980,,0,4.4063
2025-10,2025,10,Arctic,4.34,1951-1980,,0,4.3958
2025-11,2025,11,Arctic,4.28,1951-1980,,0,4.3825
2025-12,2025,12,Arctic,4.305,1951-1980,,0,4.3732
2026-01,2026,1,Arctic,4.269,1951-1980,,0,4.3571
2026-02,2026,2,Arctic,4.275,1951-1980,,0,4.3402
2026-03,2026,3,Arctic,4.23,1951-1980,,0,4.3276
2026-04,2026,4,Arctic,4.235,1951-1980,,0,4.3123
2000-01,2000,1,Asia,0.544,1951-1980,,0,0.544
2000-02,2000,2,Asia,0.628,1951-1980,,0,0.586
2000-03,2000,3,Asia,0.591,1951-1980,,0,0.5877
2000-04,2000,4,Asia,0.573,1951-1980,,0,0.584
2000-05,2000,5,Asia,0.595,1951-1980,,0,0.5862
2000-06,2000,6,Asia,0.503,1951-1980,,0,0.5723
2000-07,2000,7,Asia,0.585,1951-1980,,0,0.5741
2000-08,2000,8,Asia,0.623,1951-1980,,0,0.5802
2000-09,2000,9,Asia,0.479,1951-1980,,0,0.569
2000-10,2000,10,Asia,0.549,1951-1980,,0,0.567
2000-11,2000,11,Asia,0.527,1951-1980,,0,0.5634
2000-12,2000,12,Asia,0.662,1951-1980,,0,0.5716
2001-01,2001,1,Asia,0.576,1951-1980,,0,0.5742
2001-02,2001,2,Asia,0.634,1951-1980,,0,0.5748
2001-03,2001,3,Asia,0.598,1951-1980,,0,0.5753
2001-04,2001,4,Asia,0.641,1951-1980,,0,0.581
2001-05,2001,5,Asia,0.626,1951-1980,,0,0.5836
2001-06,2001,6,Asia,0.666,1951-1980,,0,0.5972
2001-07,2001,7,Asia,0.687,1951-1980,,0,0.6057
2001-08,2001,8,Asia,0.689,1951-1980,,0,0.6112
2001-09,2001,9,Asia,0.65,1951-1980,,0,0.6254
2001-10,2001,10,Asia,0.668,1951-1980,,0,0.6353
2001-11,2001,11,Asia,0.633,1951-1980,,0,0.6442
2001-12,2001,12,Asia,0.613,1951-1980,,0,0.6401
2002-01,2002,1,Asia,0.716,1951-1980,,0,0.6518
2002-02,2002,2,Asia,0.701,1951-1980,,0,0.6573
2002-03,2002,3,Asia,0.685,1951-1980,,0,0.6646
2002-04,2002,4,Asia,0.779,1951-1980,,0,0.6761
2002-05,2002,5,Asia,0.677,1951-1980,,0,0.6803
2002-06,2002,6,Asia,0.741,1951-1980,,0,0.6866
2002-07,2002,7,Asia,0.726,1951-1980,,0,0.6898
2002-08,2002,8,Asia,0.753,1951-1980,,0,0.6952
2002-09,2002,9,Asia,0.874,1951-1980,,0,0.7138
2002-10,2002,10,Asia,0.83,1951-1980,,0,0.7273
2002-11,2002,11,Asia,0.781,1951-1980,,0,0.7397
2002-12,2002,12,Asia,0.853,1951-1980,,0,0.7597
2003-01,2003,1,Asia,0.805,1951-1980,,0,0.7671
2003-02,2003,2,Asia,0.893,1951-1980,,0,0.7831
2003-03,2003,3,Asia,0.88,1951-1980,,0,0.7993
2003-04,2003,4,Asia,0.894,1951-1980,,0,0.8089
2003-05,2003,5,Asia,0.891,1951-1980,,0,0.8268
2003-06,2003,6,Asia,0.89,1951-1980,,0,0.8392
2003-07,2003,7,Asia,0.799,1951-1980,,0,0.8452
2003-08,2003,8,Asia,0.715,1951-1980,,0,0.8421
2003-09,2003,9,Asia,0.734,1951-1980,,0,0.8304
2003-10,2003,10,Asia,0.756,1951-1980,,0,0.8242
2003-11,2003,11,Asia,0.747,1951-1980,,0,0.8214
2003-12,2003,12,Asia,0.756,1951-1980,,0,0.8133
2004-01,2004,1,Asia,0.827,1951-1980,,0,0.8152
2004-02,2004,2,Asia,0.799,1951-1980,,0,0.8073
2004-03,2004,3,Asia,0.733,1951-1980,,0,0.7951
2004-04,2004,4,Asia,0.769,1951-1980,,0,0.7847
2004-05,2004,5,Asia,0.871,1951-1980,,0,0.783
2004-06,2004,6,Asia,0.726,1951-1980,,0,0.7693
2004-07,2004,7,Asia,0.707,1951-1980,,0,0.7617
2004-08,2004,8,Asia,0.682,1951-1980,,0,0.7589
2004-09,2004,9,Asia,0.649,1951-1980,,0,0.7518
2004-10,2004,10,Asia,0.663,1951-1980,,0,0.7441
2004-11,2004,11,Asia,0.684,1951-1980,,0,0.7388
2004-12,2004,12,Asia,0.665,1951-1980,,0,0.7313
2005-01,2005,1,Asia,0.651,1951-1980,,0,0.7166
2005-02,2005,2,Asia,0.752,1951-1980,,0,0.7127
2005-03,2005,3,Asia,0.765,1951-1980,,0,0.7153
2005-04,2005,4,Asia,0.774,1951-1980,,0,0.7158
2005-05,2005,5,Asia,0.802,1951-1980,,0,0.71
2005-06,2005,6,Asia,0.723,1951-1980,,0,0.7098
2005-07,2005,7,Asia,0.776,1951-1980,,0,0.7155
2005-08,2005,8,Asia,0.734,1951-1980,,0,0.7198
2005-09,2005,9,Asia,0.822,1951-1980,,0,0.7342
2005-10,2005,10,Asia,0.825,1951-1980,,0,0.7477
2005-11,2005,11,Asia,0.823,1951-1980,,0,0.7593
2005-12,2005,12,Asia,0.86,1951-1980,,0,0.7756
2006-01,2006,1,Asia,0.954,1951-1980,,0,0.8008
2006-02,2006,2,Asia,0.828,1951-1980,,0,0.8072
2006-03,2006,3,Asia,0.921,1951-1980,,0,0.8202
2006-04,2006,4,Asia,0.752,1951-1980,,0,0.8183
2006-05,2006,5,Asia,0.827,1951-1980,,0,0.8204
2006-06,2006,6,Asia,0.819,1951-1980,,0,0.8284
2006-07,2006,7,Asia,0.851,1951-1980,,0,0.8347
2006-08,2006,8,Asia,0.817,1951-1980,,0,0.8416
2006-09,2006,9,Asia,0.799,1951-1980,,0,0.8397
2006-10,2006,10,Asia,0.733,1951-1980,,0,0.832
2006-11,2006,11,Asia,0.788,1951-1980,,0,0.8291
2006-12,2006,12,Asia,0.795,1951-1980,,0,0.8237
2007-01,2007,1,Asia,0.774,1951-1980,,0,0.8087
2007-02,2007,2,Asia,0.803,1951-1980,,0,0.8066
2007-03,2007,3,Asia,0.787,1951-1980,,0,0.7954
2007-04,2007,4,Asia,0.83,1951-1980,,0,0.8019
2007-05,2007,5,Asia,0.836,1951-1980,,0,0.8027
2007-06,2007,6,Asia,0.766,1951-1980,,0,0.7982
2007-07,2007,7,Asia,0.868,1951-1980,,0,0.7997
2007-08,2007,8,Asia,0.807,1951-1980,,0,0.7988
2007-09,2007,9,Asia,0.833,1951-1980,,0,0.8017
2007-10,2007,10,Asia,0.852,1951-1980,,0,0.8116
2007-11,2007,11,Asia,0.792,1951-1980,,0,0.8119
2007-12,2007,12,Asia,0.895,1951-1980,,0,0.8202
2008-01,2008,1,Asia,0.75,1951-1980,,0,0.8182
2008-02,2008,2,Asia,0.763,1951-1980,,0,0.8149
2008-03,2008,3,Asia,0.827,1951-1980,,0,0.8182
2008-04,2008,4,Asia,0.858,1951-1980,,0,0.8206
2008-05,2008,5,Asia,0.753,1951-1980,,0,0.8137
2008-06,2008,6,Asia,0.711,1951-1980,,0,0.8091
2008-07,2008,7,Asia,0.733,1951-1980,,0,0.7978
2008-08,2008,8,Asia,0.711,1951-1980,,0,0.7898
2008-09,2008,9,Asia,0.666,1951-1980,,0,0.7759
2008-10,2008,10,Asia,0.63,1951-1980,,0,0.7574
2008-11,2008,11,Asia,0.647,1951-1980,,0,0.7453
2008-12,2008,12,Asia,0.627,1951-1980,,0,0.723
2009-01,2009,1,Asia,0.708,1951-1980,,0,0.7195
2009-02,2009,2,Asia,0.669,1951-1980,,0,0.7117
2009-03,2009,3,Asia,0.774,1951-1980,,0,0.7072
2009-04,2009,4,Asia,0.678,1951-1980,,0,0.6922
2009-05,2009,5,Asia,0.773,1951-1980,,0,0.6939
2009-06,2009,6,Asia,0.809,1951-1980,,0,0.7021
2009-07,2009,7,Asia,0.821,1951-1980,,0,0.7094
2009-08,2009,8,Asia,0.784,1951-1980,,0,0.7155
2009-09,2009,9,Asia,0.805,1951-1980,,0,0.7271
2009-10,2009,10,Asia,0.837,1951-1980,,0,0.7443
2009-11,2009,11,Asia,0.919,1951-1980,,0,0.767
2009-12,2009,12,Asia,0.902,1951-1980,,0,0.7899
2010-01,2010,1,Asia,0.877,1951-1980,,0,0.804
2010-02,2010,2,Asia,0.95,1951-1980,,0,0.8274
2010-03,2010,3,Asia,0.97,1951-1980,,0,0.8438
2010-04,2010,4,Asia,0.971,1951-1980,,0,0.8682
2010-05,2010,5,Asia,0.852,1951-1980,,0,0.8748
2010-06,2010,6,Asia,0.936,1951-1980,,0,0.8853
2010-07,2010,7,Asia,0.921,1951-1980,,0,0.8937
2010-08,2010,8,Asia,0.811,1951-1980,,0,0.8959
2010-09,2010,9,Asia,0.795,1951-1980,,0,0.8951
2010-10,2010,10,Asia,0.701,1951-1980,,0,0.8838
2010-11,2010,11,Asia,0.8,1951-1980,,0,0.8738
2010-12,2010,12,Asia,0.826,1951-1980,,0,0.8675
2011-01,2011,1,Asia,0.897,1951-1980,,0,0.8692
2011-02,2011,2,Asia,0.915,1951-1980,,0,0.8662
2011-03,2011,3,Asia,0.831,1951-1980,,0,0.8547
2011-04,2011,4,Asia,0.808,1951-1980,,0,0.8411
2011-05,2011,5,Asia,0.809,1951-1980,,0,0.8375
2011-06,2011,6,Asia,0.743,1951-1980,,0,0.8214
2011-07,2011,7,Asia,0.744,1951-1980,,0,0.8067
2011-08,2011,8,Asia,0.682,1951-1980,,0,0.7959
2011-09,2011,9,Asia,0.741,1951-1980,,0,0.7914
2011-10,2011,10,Asia,0.702,1951-1980,,0,0.7915
2011-11,2011,11,Asia,0.704,1951-1980,,0,0.7835
2011-12,2011,12,Asia,0.562,1951-1980,,0,0.7615
2012-01,2012,1,Asia,0.776,1951-1980,,0,0.7514
2012-02,2012,2,Asia,0.681,1951-1980,,0,0.7319
2012-03,2012,3,Asia,0.738,1951-1980,,0,0.7242
2012-04,2012,4,Asia,0.764,1951-1980,,0,0.7205
2012-05,2012,5,Asia,0.659,1951-1980,,0,0.708
2012-06,2012,6,Asia,0.692,1951-1980,,0,0.7038
2012-07,2012,7,Asia,0.836,1951-1980,,0,0.7114
2012-08,2012,8,Asia,0.725,1951-1980,,0,0.715
2012-09,2012,9,Asia,0.768,1951-1980,,0,0.7172
2012-10,2012,10,Asia,0.778,1951-1980,,0,0.7236
2012-11,2012,11,Asia,0.822,1951-1980,,0,0.7334
2012-12,2012,12,Asia,0.846,1951-1980,,0,0.7571
2013-01,2013,1,Asia,0.792,1951-1980,,0,0.7584
2013-02,2013,2,Asia,0.826,1951-1980,,0,0.7705
2013-03,2013,3,Asia,0.826,1951-1980,,0,0.7778
2013-04,2013,4,Asia,0.902,1951-1980,,0,0.7893
2013-05,2013,5,Asia,0.842,1951-1980,,0,0.8046
2013-06,2013,6,Asia,0.808,1951-1980,,0,0.8142
2013-07,2013,7,Asia,0.795,1951-1980,,0,0.8108
2013-08,2013,8,Asia,0.889,1951-1980,,0,0.8245
2013-09,2013,9,Asia,0.85,1951-1980,,0,0.8313
2013-10,2013,10,Asia,0.823,1951-1980,,0,0.8351
2013-11,2013,11,Asia,0.857,1951-1980,,0,0.838
2013-12,2013,12,Asia,0.77,1951-1980,,0,0.8317
2014-01,2014,1,Asia,0.891,1951-1980,,0,0.8399
2014-02,2014,2,Asia,0.916,1951-1980,,0,0.8474
2014-03,2014,3,Asia,0.888,1951-1980,,0,0.8526
2014-04,2014,4,Asia,0.915,1951-1980,,0,0.8537
2014-05,2014,5,Asia,0.831,1951-1980,,0,0.8528
2014-06,2014,6,Asia,0.924,1951-1980,,0,0.8624
2014-07,2014,7,Asia,0.924,1951-1980,,0,0.8732
2014-08,2014,8,Asia,0.899,1951-1980,,0,0.874
2014-09,2014,9,Asia,0.862,1951-1980,,0,0.875
2014-10,2014,10,Asia,0.88,1951-1980,,0,0.8798
2014-11,2014,11,Asia,0.882,1951-1980,,0,0.8818
2014-12,2014,12,Asia,0.894,1951-1980,,0,0.8922
2015-01,2015,1,Asia,0.927,1951-1980,,0,0.8952
2015-02,2015,2,Asia,0.96,1951-1980,,0,0.8988
2015-03,2015,3,Asia,1.033,1951-1980,,0,0.9109
2015-04,2015,4,Asia,1.021,1951-1980,,0,0.9198
2015-05,2015,5,Asia,1.04,1951-1980,,0,0.9372
2015-06,2015,6,Asia,1.046,1951-1980,,0,0.9473
2015-07,2015,7,Asia,1.072,1951-1980,,0,0.9597
2015-08,2015,8,Asia,1.123,1951-1980,,0,0.9783
2015-09,2015,9,Asia,1.227,1951-1980,,0,1.0088
2015-10,2015,10,Asia,1.19,1951-1980,,0,1.0346
2015-11,2015,11,Asia,1.224,1951-1980,,0,1.0631
2015-12,2015,12,Asia,1.299,1951-1980,,0,1.0968
2016-01,2016,1,Asia,1.24,1951-1980,,0,1.1229
2016-02,2016,2,Asia,1.34,1951-1980,,0,1.1546
2016-03,2016,3,Asia,1.294,1951-1980,,0,1.1763
2016-04,2016,4,Asia,1.32,1951-1980,,0,1.2012
2016-05,2016,5,Asia,1.36,1951-1980,,0,1.2279
2016-06,2016,6,Asia,1.319,1951-1980,,0,1.2507
2016-07,2016,7,Asia,1.177,1951-1980,,0,1.2594
2016-08,2016,8,Asia,1.248,1951-1980,,0,1.2698
2016-09,2016,9,Asia,1.252,1951-1980,,0,1.2719
2016-10,2016,10,Asia,1.202,1951-1980,,0,1.2729
2016-11,2016,11,Asia,1.2,1951-1980,,0,1.2709
2016-12,2016,12,Asia,1.266,1951-1980,,0,1.2682
2017-01,2017,1,Asia,1.222,1951-1980,,0,1.2667
2017-02,2017,2,Asia,1.23,1951-1980,,0,1.2575
2017-03,2017,3,Asia,1.232,1951-1980,,0,1.2523
2017-04,2017,4,Asia,1.269,1951-1980,,0,1.2481
2017-05,2017,5,Asia,1.301,1951-1980,,0,1.2432
2017-06,2017,6,Asia,1.176,1951-1980,,0,1.2312
2017-07,2017,7,Asia,1.197,1951-1980,,0,1.2329
2017-08,2017,8,Asia,1.135,1951-1980,,0,1.2235
2017-09,2017,9,Asia,1.189,1951-1980,,0,1.2182
2017-10,2017,10,Asia,1.191,1951-1980,,0,1.2173
2017-11,2017,11,Asia,1.131,1951-1980,,0,1.2116
2017-12,2017,12,Asia,1.198,1951-1980,,0,1.2059
2018-01,2018,1,Asia,1.081,1951-1980,,0,1.1942
2018-02,2018,2,Asia,1.174,1951-1980,,0,1.1895
2018-03,2018,3,Asia,1.171,1951-1980,,0,1.1844
2018-04,2018,4,Asia,1.141,1951-1980,,0,1.1737
2018-05,2018,5,Asia,1.15,1951-1980,,0,1.1612
2018-06,2018,6,Asia,1.087,1951-1980,,0,1.1537
2018-07,2018,7,Asia,1.128,1951-1980,,0,1.148
2018-08,2018,8,Asia,1.085,1951-1980,,0,1.1438
2018-09,2018,9,Asia,0.996,1951-1980,,0,1.1278
2018-10,2018,10,Asia,0.983,1951-1980,,0,1.1104
2018-11,2018,11,Asia,1.081,1951-1980,,0,1.1062
2018-12,2018,12,Asia,1.109,1951-1980,,0,1.0988
2019-01,2019,1,Asia,1.059,1951-1980,,0,1.097
2019-02,2019,2,Asia,1.073,1951-1980,,0,1.0886
2019-03,2019,3,Asia,1.171,1951-1980,,0,1.0886
2019-04,2019,4,Asia,1.155,1951-1980,,0,1.0898
2019-05,2019,5,Asia,1.156,1951-1980,,0,1.0902
2019-06,2019,6,Asia,1.085,1951-1980,,0,1.0901
2019-07,2019,7,Asia,1.173,1951-1980,,0,1.0938
2019-08,2019,8,Asia,1.204,1951-1980,,0,1.1038
2019-09,2019,9,Asia,1.148,1951-1980,,0,1.1164
2019-10,2019,10,Asia,1.145,1951-1980,,0,1.1299
2019-11,2019,11,Asia,1.192,1951-1980,,0,1.1392
2019-12,2019,12,Asia,1.202,1951-1980,,0,1.1469
2020-01,2020,1,Asia,1.233,1951-1980,,0,1.1614
2020-02,2020,2,Asia,1.244,1951-1980,,0,1.1757
2020-03,2020,3,Asia,1.216,1951-1980,,0,1.1794
2020-04,2020,4,Asia,1.201,1951-1980,,0,1.1832
2020-05,2020,5,Asia,1.272,1951-1980,,0,1.1929
2020-06,2020,6,Asia,1.276,1951-1980,,0,1.2088
2020-07,2020,7,Asia,1.225,1951-1980,,0,1.2132
2020-08,2020,8,Asia,1.109,1951-1980,,0,1.2052
2020-09,2020,9,Asia,1.131,1951-1980,,0,1.2038
2020-10,2020,10,Asia,1.121,1951-1980,,0,1.2018
2020-11,2020,11,Asia,1.16,1951-1980,,0,1.1992
2020-12,2020,12,Asia,1.116,1951-1980,,0,1.192
2021-01,2021,1,Asia,1.15,1951-1980,,0,1.1851
2021-02,2021,2,Asia,1.123,1951-1980,,0,1.175
2021-03,2021,3,Asia,1.124,1951-1980,,0,1.1673
2021-04,2021,4,Asia,1.147,1951-1980,,0,1.1628
2021-05,2021,5,Asia,1.127,1951-1980,,0,1.1508
2021-06,2021,6,Asia,1.119,1951-1980,,0,1.1377
2021-07,2021,7,Asia,1.063,1951-1980,,0,1.1242
2021-08,2021,8,Asia,1.066,1951-1980,,0,1.1206
2021-09,2021,9,Asia,0.955,1951-1980,,0,1.1059
2021-10,2021,10,Asia,1.018,1951-1980,,0,1.0973
2021-11,2021,11,Asia,0.963,1951-1980,,0,1.0809
2021-12,2021,12,Asia,1.083,1951-1980,,0,1.0782
2022-01,2022,1,Asia,0.964,1951-1980,,0,1.0627
2022-02,2022,2,Asia,0.949,1951-1980,,0,1.0482
2022-03,2022,3,Asia,0.941,1951-1980,,0,1.0329
2022-04,2022,4,Asia,0.971,1951-1980,,0,1.0182
2022-05,2022,5,Asia,0.972,1951-1980,,0,1.0053
2022-06,2022,6,Asia,0.96,1951-1980,,0,0.9921
2022-07,2022,7,Asia,1.015,1951-1980,,0,0.9881
2022-08,2022,8,Asia,0.978,1951-1980,,0,0.9808
2022-09,2022,9,Asia,1.001,1951-1980,,0,0.9846
2022-10,2022,10,Asia,1.003,1951-1980,,0,0.9833
2022-11,2022,11,Asia,0.951,1951-1980,,0,0.9823
2022-12,2022,12,Asia,0.996,1951-1980,,0,0.9751
2023-01,2023,1,Asia,1.14,1951-1980,,0,0.9897
2023-02,2023,2,Asia,1.199,1951-1980,,0,1.0106
2023-03,2023,3,Asia,1.26,1951-1980,,0,1.0372
2023-04,2023,4,Asia,1.279,1951-1980,,0,1.0628
2023-05,2023,5,Asia,1.288,1951-1980,,0,1.0892
2023-06,2023,6,Asia,1.287,1951-1980,,0,1.1164
2023-07,2023,7,Asia,1.306,1951-1980,,0,1.1407
2023-08,2023,8,Asia,1.441,1951-1980,,0,1.1792
2023-09,2023,9,Asia,1.57,1951-1980,,0,1.2267
2023-10,2023,10,Asia,1.606,1951-1980,,0,1.2769
2023-11,2023,11,Asia,1.63,1951-1980,,0,1.3335
2023-12,2023,12,Asia,1.59,1951-1980,,0,1.383
2024-01,2024,1,Asia,1.657,1951-1980,,0,1.4261
2024-02,2024,2,Asia,1.657,1951-1980,,0,1.4642
2024-03,2024,3,Asia,1.7,1951-1980,,0,1.5009
2024-04,2024,4,Asia,1.606,1951-1980,,0,1.5282
2024-05,2024,5,Asia,1.666,1951-1980,,0,1.5597
2024-06,2024,6,Asia,1.649,1951-1980,,0,1.5898
2024-07,2024,7,Asia,1.554,1951-1980,,0,1.6105
2024-08,2024,8,Asia,1.529,1951-1980,,0,1.6178
2024-09,2024,9,Asia,1.583,1951-1980,,0,1.6189
2024-10,2024,10,Asia,1.518,1951-1980,,0,1.6116
2024-11,2024,11,Asia,1.537,1951-1980,,0,1.6038
2024-12,2024,12,Asia,1.572,1951-1980,,0,1.6023
2025-01,2025,1,Asia,1.601,1951-1980,,0,1.5977
2025-02,2025,2,Asia,1.545,1951-1980,,0,1.5883
2025-03,2025,3,Asia,1.635,1951-1980,,0,1.5829
2025-04,2025,4,Asia,1.622,1951-1980,,0,1.5843
2025-05,2025,5,Asia,1.607,1951-1980,,0,1.5793
2025-06,2025,6,Asia,1.538,1951-1980,,0,1.5701
2025-07,2025,7,Asia,1.525,1951-1980,,0,1.5677
2025-08,2025,8,Asia,1.588,1951-1980,,0,1.5726
2025-09,2025,9,Asia,1.516,1951-1980,,0,1.567
2025-10,2025,10,Asia,1.542,1951-1980,,0,1.569
2025-11,2025,11,Asia,1.496,1951-1980,,0,1.5656
2025-12,2025,12,Asia,1.453,1951-1980,,0,1.5557
2026-01,2026,1,Asia,1.453,1951-1980,,0,1.5433
2026-02,2026,2,Asia,1.506,1951-1980,,0,1.5401
2026-03,2026,3,Asia,1.458,1951-1980,,0,1.5253
2026-04,2026,4,Asia,1.521,1951-1980,,0,1.5169
2000-01,2000,1,Europe,0.696,1951-1980,,0,0.696
2000-02,2000,2,Europe,0.729,1951-1980,,0,0.7125
2000-03,2000,3,Europe,0.733,1951-1980,,0,0.7193
2000-04,2000,4,Europe,0.674,1951-1980,,0,0.708
2000-05,2000,5,Europe,0.73,1951-1980,,0,0.7124
2000-06,2000,6,Europe,0.733,1951-1980,,0,0.7158
2000-07,2000,7,Europe,0.782,1951-1980,,0,0.7253
2000-08,2000,8,Europe,0.782,1951-1980,,0,0.7324
2000-09,2000,9,Europe,0.767,1951-1980,,0,0.7362
2000-10,2000,10,Europe,0.762,1951-1980,,0,0.7388
2000-11,2000,11,Europe,0.751,1951-1980,,0,0.7399
2000-12,2000,12,Europe,0.731,1951-1980,,0,0.7392
2001-01,2001,1,Europe,0.723,1951-1980,,0,0.7414
2001-02,2001,2,Europe,0.816,1951-1980,,0,0.7487
2001-03,2001,3,Europe,0.755,1951-1980,,0,0.7505
2001-04,2001,4,Europe,0.922,1951-1980,,0,0.7712
2001-05,2001,5,Europe,0.861,1951-1980,,0,0.7821
2001-06,2001,6,Europe,0.817,1951-1980,,0,0.7891
2001-07,2001,7,Europe,0.93,1951-1980,,0,0.8014
2001-08,2001,8,Europe,0.863,1951-1980,,0,0.8082
2001-09,2001,9,Europe,0.834,1951-1980,,0,0.8138
2001-10,2001,10,Europe,0.806,1951-1980,,0,0.8174
2001-11,2001,11,Europe,0.876,1951-1980,,0,0.8278
2001-12,2001,12,Europe,0.902,1951-1980,,0,0.8421
2002-01,2002,1,Europe,0.948,1951-1980,,0,0.8608
2002-02,2002,2,Europe,0.91,1951-1980,,0,0.8687
2002-03,2002,3,Europe,0.898,1951-1980,,0,0.8806
2002-04,2002,4,Europe,0.952,1951-1980,,0,0.8831
2002-05,2002,5,Europe,0.985,1951-1980,,0,0.8934
2002-06,2002,6,Europe,1.018,1951-1980,,0,0.9102
2002-07,2002,7,Europe,0.963,1951-1980,,0,0.9129
2002-08,2002,8,Europe,1.032,1951-1980,,0,0.927
2002-09,2002,9,Europe,1.113,1951-1980,,0,0.9502
2002-10,2002,10,Europe,0.996,1951-1980,,0,0.9661
2002-11,2002,11,Europe,1.046,1951-1980,,0,0.9802
2002-12,2002,12,Europe,1.103,1951-1980,,0,0.997
2003-01,2003,1,Europe,1.111,1951-1980,,0,1.0106
2003-02,2003,2,Europe,1.085,1951-1980,,0,1.0252
2003-03,2003,3,Europe,1.099,1951-1980,,0,1.0419
2003-04,2003,4,Europe,1.11,1951-1980,,0,1.0551
2003-05,2003,5,Europe,1.18,1951-1980,,0,1.0713
2003-06,2003,6,Europe,1.084,1951-1980,,0,1.0768
2003-07,2003,7,Europe,0.996,1951-1980,,0,1.0796
2003-08,2003,8,Europe,1.047,1951-1980,,0,1.0808
2003-09,2003,9,Europe,0.931,1951-1980,,0,1.0657
2003-10,2003,10,Europe,1.011,1951-1980,,0,1.0669
2003-11,2003,11,Europe,0.976,1951-1980,,0,1.0611
2003-12,2003,12,Europe,1.01,1951-1980,,0,1.0533
2004-01,2004,1,Europe,0.995,1951-1980,,0,1.0437
2004-02,2004,2,Europe,1.037,1951-1980,,0,1.0397
2004-03,2004,3,Europe,1.005,1951-1980,,0,1.0318
2004-04,2004,4,Europe,1.037,1951-1980,,0,1.0258
2004-05,2004,5,Europe,0.981,1951-1980,,0,1.0092
2004-06,2004,6,Europe,0.919,1951-1980,,0,0.9954
2004-07,2004,7,Europe,0.939,1951-1980,,0,0.9907
2004-08,2004,8,Europe,0.903,1951-1980,,0,0.9787
2004-09,2004,9,Europe,0.905,1951-1980,,0,0.9765
2004-10,2004,10,Europe,0.884,1951-1980,,0,0.9659
2004-11,2004,11,Europe,0.892,1951-1980,,0,0.9589
2004-12,2004,12,Europe,0.862,1951-1980,,0,0.9466
2005-01,2005,1,Europe,0.921,1951-1980,,0,0.9404
2005-02,2005,2,Europe,0.931,1951-1980,,0,0.9316
2005-03,2005,3,Europe,0.969,1951-1980,,0,0.9286
2005-04,2005,4,Europe,1.007,1951-1980,,0,0.9261
2005-05,2005,5,Europe,1.05,1951-1980,,0,0.9318
2005-06,2005,6,Europe,1.029,1951-1980,,0,0.941
2005-07,2005,7,Europe,1.093,1951-1980,,0,0.9538
2005-08,2005,8,Europe,1.05,1951-1980,,0,0.9661
2005-09,2005,9,Europe,1.105,1951-1980,,0,0.9828
2005-10,2005,10,Europe,1.122,1951-1980,,0,1.0026
2005-11,2005,11,Europe,1.073,1951-1980,,0,1.0177
2005-12,2005,12,Europe,1.169,1951-1980,,0,1.0432
2006-01,2006,1,Europe,1.091,1951-1980,,0,1.0574
2006-02,2006,2,Europe,1.079,1951-1980,,0,1.0698
2006-03,2006,3,Europe,1.082,1951-1980,,0,1.0792
2006-04,2006,4,Europe,1.118,1951-1980,,0,1.0884
2006-05,2006,5,Europe,1.137,1951-1980,,0,1.0957
2006-06,2006,6,Europe,1.141,1951-1980,,0,1.105
2006-07,2006,7,Europe,1.121,1951-1980,,0,1.1073
2006-08,2006,8,Europe,1.039,1951-1980,,0,1.1064
2006-09,2006,9,Europe,1.031,1951-1980,,0,1.1002
2006-10,2006,10,Europe,0.925,1951-1980,,0,1.0838
2006-11,2006,11,Europe,1.039,1951-1980,,0,1.081
2006-12,2006,12,Europe,0.998,1951-1980,,0,1.0668
2007-01,2007,1,Europe,1.029,1951-1980,,0,1.0616
2007-02,2007,2,Europe,1.074,1951-1980,,0,1.0612
2007-03,2007,3,Europe,1.082,1951-1980,,0,1.0612
2007-04,2007,4,Europe,1.053,1951-1980,,0,1.0558
2007-05,2007,5,Europe,1.069,1951-1980,,0,1.0501
2007-06,2007,6,Europe,1.057,1951-1980,,0,1.0431
2007-07,2007,7,Europe,1.064,1951-1980,,0,1.0383
2007-08,2007,8,Europe,1.005,1951-1980,,0,1.0355
2007-09,2007,9,Europe,1.09,1951-1980,,0,1.0404
2007-10,2007,10,Europe,1.038,1951-1980,,0,1.0498
2007-11,2007,11,Europe,1.039,1951-1980,,0,1.0498
2007-12,2007,12,Europe,1.118,1951-1980,,0,1.0598
2008-01,2008,1,Europe,1.094,1951-1980,,0,1.0652
2008-02,2008,2,Europe,1.028,1951-1980,,0,1.0614
2008-03,2008,3,Europe,1.105,1951-1980,,0,1.0633
2008-04,2008,4,Europe,1.056,1951-1980,,0,1.0636
2008-05,2008,5,Europe,1.022,1951-1980,,0,1.0597
2008-06,2008,6,Europe,1.015,1951-1980,,0,1.0562
2008-07,2008,7,Europe,0.914,1951-1980,,0,1.0437
2008-08,2008,8,Europe,1.042,1951-1980,,0,1.0468
2008-09,2008,9,Europe,0.962,1951-1980,,0,1.0361
2008-10,2008,10,Europe,0.849,1951-1980,,0,1.0203
2008-11,2008,11,Europe,0.931,1951-1980,,0,1.0113
2008-12,2008,12,Europe,0.926,1951-1980,,0,0.9953
2009-01,2009,1,Europe,0.892,1951-1980,,0,0.9785
2009-02,2009,2,Europe,1.003,1951-1980,,0,0.9764
2009-03,2009,3,Europe,0.905,1951-1980,,0,0.9598
2009-04,2009,4,Europe,0.989,1951-1980,,0,0.9542
2009-05,2009,5,Europe,0.994,1951-1980,,0,0.9518
2009-06,2009,6,Europe,0.915,1951-1980,,0,0.9435
2009-07,2009,7,Europe,1.015,1951-1980,,0,0.9519
2009-08,2009,8,Europe,1.001,1951-1980,,0,0.9485
2009-09,2009,9,Europe,1.007,1951-1980,,0,0.9522
2009-10,2009,10,Europe,1.056,1951-1980,,0,0.9695
2009-11,2009,11,Europe,1.133,1951-1980,,0,0.9863
2009-12,2009,12,Europe,1.154,1951-1980,,0,1.0053
2010-01,2010,1,Europe,1.163,1951-1980,,0,1.0279
2010-02,2010,2,Europe,1.181,1951-1980,,0,1.0428
2010-03,2010,3,Europe,1.201,1951-1980,,0,1.0674
2010-04,2010,4,Europe,1.249,1951-1980,,0,1.0891
2010-05,2010,5,Europe,1.159,1951-1980,,0,1.1028
2010-06,2010,6,Europe,1.175,1951-1980,,0,1.1245
2010-07,2010,7,Europe,1.155,1951-1980,,0,1.1362
2010-08,2010,8,Europe,1.01,1951-1980,,0,1.1369
2010-09,2010,9,Europe,1.008,1951-1980,,0,1.137
2010-10,2010,10,Europe,1.07,1951-1980,,0,1.1382
2010-11,2010,11,Europe,1.088,1951-1980,,0,1.1344
2010-12,2010,12,Europe,1.066,1951-1980,,0,1.1271
2011-01,2011,1,Europe,1.091,1951-1980,,0,1.1211
2011-02,2011,2,Europe,1.083,1951-1980,,0,1.1129
2011-03,2011,3,Europe,1.094,1951-1980,,0,1.104
2011-04,2011,4,Europe,1.056,1951-1980,,0,1.0879
2011-05,2011,5,Europe,1.131,1951-1980,,0,1.0856
2011-06,2011,6,Europe,1.071,1951-1980,,0,1.0769
2011-07,2011,7,Europe,1.006,1951-1980,,0,1.0645
2011-08,2011,8,Europe,0.976,1951-1980,,0,1.0617
2011-09,2011,9,Europe,0.981,1951-1980,,0,1.0594
2011-10,2011,10,Europe,0.863,1951-1980,,0,1.0422
2011-11,2011,11,Europe,0.942,1951-1980,,0,1.03
2011-12,2011,12,Europe,0.897,1951-1980,,0,1.0159
2012-01,2012,1,Europe,0.921,1951-1980,,0,1.0018
2012-02,2012,2,Europe,0.958,1951-1980,,0,0.9913
2012-03,2012,3,Europe,1.02,1951-1980,,0,0.9852
2012-04,2012,4,Europe,1.07,1951-1980,,0,0.9863
2012-05,2012,5,Europe,0.96,1951-1980,,0,0.9721
2012-06,2012,6,Europe,0.952,1951-1980,,0,0.9622
2012-07,2012,7,Europe,0.977,1951-1980,,0,0.9598
2012-08,2012,8,Europe,1.04,1951-1980,,0,0.9651
2012-09,2012,9,Europe,1.072,1951-1980,,0,0.9727
2012-10,2012,10,Europe,0.991,1951-1980,,0,0.9833
2012-11,2012,11,Europe,0.969,1951-1980,,0,0.9856
2012-12,2012,12,Europe,1.093,1951-1980,,0,1.0019
2013-01,2013,1,Europe,1.113,1951-1980,,0,1.0179
2013-02,2013,2,Europe,1.167,1951-1980,,0,1.0353
2013-03,2013,3,Europe,1.121,1951-1980,,0,1.0438
2013-04,2013,4,Europe,1.025,1951-1980,,0,1.04
2013-05,2013,5,Europe,1.169,1951-1980,,0,1.0574
2013-06,2013,6,Europe,1.12,1951-1980,,0,1.0714
2013-07,2013,7,Europe,1.148,1951-1980,,0,1.0857
2013-08,2013,8,Europe,1.068,1951-1980,,0,1.088
2013-09,2013,9,Europe,1.079,1951-1980,,0,1.0886
2013-10,2013,10,Europe,1.145,1951-1980,,0,1.1014
2013-11,2013,11,Europe,1.1,1951-1980,,0,1.1123
2013-12,2013,12,Europe,1.053,1951-1980,,0,1.109
2014-01,2014,1,Europe,1.166,1951-1980,,0,1.1134
2014-02,2014,2,Europe,1.156,1951-1980,,0,1.1125
2014-03,2014,3,Europe,1.237,1951-1980,,0,1.1222
2014-04,2014,4,Europe,1.174,1951-1980,,0,1.1346
2014-05,2014,5,Europe,1.165,1951-1980,,0,1.1342
2014-06,2014,6,Europe,1.25,1951-1980,,0,1.1451
2014-07,2014,7,Europe,1.211,1951-1980,,0,1.1503
2014-08,2014,8,Europe,1.172,1951-1980,,0,1.159
2014-09,2014,9,Europe,1.125,1951-1980,,0,1.1628
2014-10,2014,10,Europe,1.172,1951-1980,,0,1.1651
2014-11,2014,11,Europe,1.152,1951-1980,,0,1.1694
2014-12,2014,12,Europe,1.175,1951-1980,,0,1.1796
2015-01,2015,1,Europe,1.255,1951-1980,,0,1.187
2015-02,2015,2,Europe,1.242,1951-1980,,0,1.1942
2015-03,2015,3,Europe,1.289,1951-1980,,0,1.1985
2015-04,2015,4,Europe,1.405,1951-1980,,0,1.2177
2015-05,2015,5,Europe,1.378,1951-1980,,0,1.2355
2015-06,2015,6,Europe,1.37,1951-1980,,0,1.2455
2015-07,2015,7,Europe,1.39,1951-1980,,0,1.2604
2015-08,2015,8,Europe,1.532,1951-1980,,0,1.2904
2015-09,2015,9,Europe,1.507,1951-1980,,0,1.3223
2015-10,2015,10,Europe,1.579,1951-1980,,0,1.3562
2015-11,2015,11,Europe,1.561,1951-1980,,0,1.3902
2015-12,2015,12,Europe,1.708,1951-1980,,0,1.4347
2016-01,2016,1,Europe,1.632,1951-1980,,0,1.4661
2016-02,2016,2,Europe,1.635,1951-1980,,0,1.4988
2016-03,2016,3,Europe,1.671,1951-1980,,0,1.5307
2016-04,2016,4,Europe,1.718,1951-1980,,0,1.5568
2016-05,2016,5,Europe,1.799,1951-1980,,0,1.5918
2016-06,2016,6,Europe,1.71,1951-1980,,0,1.6202
2016-07,2016,7,Europe,1.551,1951-1980,,0,1.6336
2016-08,2016,8,Europe,1.544,1951-1980,,0,1.6346
2016-09,2016,9,Europe,1.632,1951-1980,,0,1.645
2016-10,2016,10,Europe,1.641,1951-1980,,0,1.6502
2016-11,2016,11,Europe,1.654,1951-1980,,0,1.6579
2016-12,2016,12,Europe,1.661,1951-1980,,0,1.654
2017-01,2017,1,Europe,1.692,1951-1980,,0,1.659
2017-02,2017,2,Europe,1.631,1951-1980,,0,1.6587
2017-03,2017,3,Europe,1.607,1951-1980,,0,1.6533
2017-04,2017,4,Europe,1.674,1951-1980,,0,1.6497
2017-05,2017,5,Europe,1.608,1951-1980,,0,1.6338
2017-06,2017,6,Europe,1.578,1951-1980,,0,1.6228
2017-07,2017,7,Europe,1.521,1951-1980,,0,1.6203
2017-08,2017,8,Europe,1.496,1951-1980,,0,1.6162
2017-09,2017,9,Europe,1.477,1951-1980,,0,1.6033
2017-10,2017,10,Europe,1.523,1951-1980,,0,1.5935
2017-11,2017,11,Europe,1.487,1951-1980,,0,1.5796
2017-12,2017,12,Europe,1.586,1951-1980,,0,1.5733
2018-01,2018,1,Europe,1.565,1951-1980,,0,1.5628
2018-02,2018,2,Europe,1.543,1951-1980,,0,1.5554
2018-03,2018,3,Europe,1.497,1951-1980,,0,1.5462
2018-04,2018,4,Europe,1.518,1951-1980,,0,1.5332
2018-05,2018,5,Europe,1.54,1951-1980,,0,1.5276
2018-06,2018,6,Europe,1.44,1951-1980,,0,1.5161
2018-07,2018,7,Europe,1.506,1951-1980,,0,1.5148
2018-08,2018,8,Europe,1.457,1951-1980,,0,1.5116
2018-09,2018,9,Europe,1.397,1951-1980,,0,1.5049
2018-10,2018,10,Europe,1.379,1951-1980,,0,1.4929
2018-11,2018,11,Europe,1.444,1951-1980,,0,1.4893
2018-12,2018,12,Europe,1.382,1951-1980,,0,1.4723
2019-01,2019,1,Europe,1.421,1951-1980,,0,1.4603
2019-02,2019,2,Europe,1.407,1951-1980,,0,1.449
2019-03,2019,3,Europe,1.395,1951-1980,,0,1.4405
2019-04,2019,4,Europe,1.488,1951-1980,,0,1.438
2019-05,2019,5,Europe,1.505,1951-1980,,0,1.4351
2019-06,2019,6,Europe,1.456,1951-1980,,0,1.4364
2019-07,2019,7,Europe,1.519,1951-1980,,0,1.4375
2019-08,2019,8,Europe,1.552,1951-1980,,0,1.4454
2019-09,2019,9,Europe,1.617,1951-1980,,0,1.4638
2019-10,2019,10,Europe,1.6,1951-1980,,0,1.4822
2019-11,2019,11,Europe,1.62,1951-1980,,0,1.4968
2019-12,2019,12,Europe,1.63,1951-1980,,0,1.5175
2020-01,2020,1,Europe,1.568,1951-1980,,0,1.5298
2020-02,2020,2,Europe,1.651,1951-1980,,0,1.5501
2020-03,2020,3,Europe,1.621,1951-1980,,0,1.5689
2020-04,2020,4,Europe,1.685,1951-1980,,0,1.5853
2020-05,2020,5,Europe,1.649,1951-1980,,0,1.5973
2020-06,2020,6,Europe,1.674,1951-1980,,0,1.6155
2020-07,2020,7,Europe,1.653,1951-1980,,0,1.6267
2020-08,2020,8,Europe,1.541,1951-1980,,0,1.6258
2020-09,2020,9,Europe,1.562,1951-1980,,0,1.6212
2020-10,2020,10,Europe,1.592,1951-1980,,0,1.6205
2020-11,2020,11,Europe,1.588,1951-1980,,0,1.6178
2020-12,2020,12,Europe,1.566,1951-1980,,0,1.6125
2021-01,2021,1,Europe,1.521,1951-1980,,0,1.6086
2021-02,2021,2,Europe,1.555,1951-1980,,0,1.6006
2021-03,2021,3,Europe,1.427,1951-1980,,0,1.5844
2021-04,2021,4,Europe,1.479,1951-1980,,0,1.5672
2021-05,2021,5,Europe,1.543,1951-1980,,0,1.5584
2021-06,2021,6,Europe,1.483,1951-1980,,0,1.5425
2021-07,2021,7,Europe,1.414,1951-1980,,0,1.5226
2021-08,2021,8,Europe,1.401,1951-1980,,0,1.5109
2021-09,2021,9,Europe,1.358,1951-1980,,0,1.4939
2021-10,2021,10,Europe,1.3,1951-1980,,0,1.4696
2021-11,2021,11,Europe,1.364,1951-1980,,0,1.4509
2021-12,2021,12,Europe,1.357,1951-1980,,0,1.4335
2022-01,2022,1,Europe,1.316,1951-1980,,0,1.4164
2022-02,2022,2,Europe,1.343,1951-1980,,0,1.3988
2022-03,2022,3,Europe,1.382,1951-1980,,0,1.395
2022-04,2022,4,Europe,1.328,1951-1980,,0,1.3824
2022-05,2022,5,Europe,1.329,1951-1980,,0,1.3646
2022-06,2022,6,Europe,1.37,1951-1980,,0,1.3552
2022-07,2022,7,Europe,1.402,1951-1980,,0,1.3542
2022-08,2022,8,Europe,1.353,1951-1980,,0,1.3502
2022-09,2022,9,Europe,1.247,1951-1980,,0,1.3409
2022-10,2022,10,Europe,1.415,1951-1980,,0,1.3505
2022-11,2022,11,Europe,1.348,1951-1980,,0,1.3492
2022-12,2022,12,Europe,1.388,1951-1980,,0,1.3518
2023-01,2023,1,Europe,1.5,1951-1980,,0,1.3671
2023-02,2023,2,Europe,1.561,1951-1980,,0,1.3853
2023-03,2023,3,Europe,1.615,1951-1980,,0,1.4047
2023-04,2023,4,Europe,1.652,1951-1980,,0,1.4317
2023-05,2023,5,Europe,1.648,1951-1980,,0,1.4582
2023-06,2023,6,Europe,1.672,1951-1980,,0,1.4834
2023-07,2023,7,Europe,1.778,1951-1980,,0,1.5148
2023-08,2023,8,Europe,1.988,1951-1980,,0,1.5677
2023-09,2023,9,Europe,1.992,1951-1980,,0,1.6297
2023-10,2023,10,Europe,2.026,1951-1980,,0,1.6807
2023-11,2023,11,Europe,1.987,1951-1980,,0,1.7339
2023-12,2023,12,Europe,2.096,1951-1980,,0,1.7929
2024-01,2024,1,Europe,2.082,1951-1980,,0,1.8414
2024-02,2024,2,Europe,2.025,1951-1980,,0,1.8801
2024-03,2024,3,Europe,2.19,1951-1980,,0,1.928
2024-04,2024,4,Europe,2.265,1951-1980,,0,1.9791
2024-05,2024,5,Europe,2.177,1951-1980,,0,2.0232
2024-06,2024,6,Europe,2.243,1951-1980,,0,2.0708
2024-07,2024,7,Europe,2.071,1951-1980,,0,2.0952
2024-08,2024,8,Europe,2.131,1951-1980,,0,2.1071
2024-09,2024,9,Europe,2.008,1951-1980,,0,2.1084
2024-10,2024,10,Europe,2.11,1951-1980,,0,2.1154
2024-11,2024,11,Europe,2.066,1951-1980,,0,2.122
2024-12,2024,12,Europe,2.116,1951-1980,,0,2.1237
2025-01,2025,1,Europe,2.103,1951-1980,,0,2.1254
2025-02,2025,2,Europe,2.157,1951-1980,,0,2.1364
2025-03,2025,3,Europe,2.103,1951-1980,,0,2.1292
2025-04,2025,4,Europe,2.035,1951-1980,,0,2.11
2025-05,2025,5,Europe,2.126,1951-1980,,0,2.1058
2025-06,2025,6,Europe,2.029,1951-1980,,0,2.0879
2025-07,2025,7,Europe,2.034,1951-1980,,0,2.0848
2025-08,2025,8,Europe,1.979,1951-1980,,0,2.0722
2025-09,2025,9,Europe,2.035,1951-1980,,0,2.0744
2025-10,2025,10,Europe,2.013,1951-1980,,0,2.0663
2025-11,2025,11,Europe,2.043,1951-1980,,0,2.0644
2025-12,2025,12,Europe,1.983,1951-1980,,0,2.0533
2026-01,2026,1,Europe,2.014,1951-1980,,0,2.0459
2026-02,2026,2,Europe,1.975,1951-1980,,0,2.0308
2026-03,2026,3,Europe,2.034,1951-1980,,0,2.025
2026-04,2026,4,Europe,2.044,1951-1980,,0,2.0258
2000-01,2000,1,Global,0.432,1951-1980,367.44,1,0.432
2000-02,2000,2,Global,0.451,1951-1980,369.21,1,0.4415
2000-03,2000,3,Global,0.428,1951-1980,371.01,1,0.437
2000-04,2000,4,Global,0.484,1951-1980,372.55,1,0.4488
2000-05,2000,5,Global,0.488,1951-1980,373.24,1,0.4566
2000-06,2000,6,Global,0.476,1951-1980,372.33,1,0.4598
2000-07,2000,7,Global,0.401,1951-1980,370.95,1,0.4514
2000-08,2000,8,Global,0.426,1951-1980,369.07,1,0.4482
2000-09,2000,9,Global,0.422,1951-1980,367.47,1,0.4453
2000-10,2000,10,Global,0.418,1951-1980,366.34,1,0.4426
2000-11,2000,11,Global,0.421,1951-1980,365.78,1,0.4406
2000-12,2000,12,Global,0.535,1951-1980,366.52,1,0.4485
2001-01,2001,1,Global,0.473,1951-1980,370.09,1,0.4519
2001-02,2001,2,Global,0.469,1951-1980,371.3,1,0.4534
2001-03,2001,3,Global,0.52,1951-1980,373.22,1,0.4611
2001-04,2001,4,Global,0.49,1951-1980,374.4,1,0.4616
2001-05,2001,5,Global,0.545,1951-1980,374.79,1,0.4663
2001-06,2001,6,Global,0.522,1951-1980,375.06,1,0.4702
2001-07,2001,7,Global,0.51,1951-1980,373.12,1,0.4792
2001-08,2001,8,Global,0.515,1951-1980,371.08,1,0.4867
2001-09,2001,9,Global,0.547,1951-1980,369.59,1,0.4971
2001-10,2001,10,Global,0.492,1951-1980,368.46,1,0.5032
2001-11,2001,11,Global,0.504,1951-1980,368.14,1,0.5102
2001-12,2001,12,Global,0.548,1951-1980,368.62,1,0.5113
2002-01,2002,1,Global,0.492,1951-1980,371.31,1,0.5128
2002-02,2002,2,Global,0.565,1951-1980,373.36,1,0.5208
2002-03,2002,3,Global,0.628,1951-1980,375.45,1,0.5298
2002-04,2002,4,Global,0.588,1951-1980,375.78,1,0.538
2002-05,2002,5,Global,0.641,1951-1980,376.92,1,0.546
2002-06,2002,6,Global,0.55,1951-1980,376.19,1,0.5483
2002-07,2002,7,Global,0.6,1951-1980,375.48,1,0.5558
2002-08,2002,8,Global,0.593,1951-1980,373.2,1,0.5623
2002-09,2002,9,Global,0.669,1951-1980,371.52,1,0.5725
2002-10,2002,10,Global,0.679,1951-1980,370.74,1,0.5881
2002-11,2002,11,Global,0.667,1951-1980,369.75,1,0.6017
2002-12,2002,12,Global,0.687,1951-1980,370.37,1,0.6132
2003-01,2003,1,Global,0.753,1951-1980,373.82,1,0.635
2003-02,2003,2,Global,0.781,1951-1980,374.7,1,0.653
2003-03,2003,3,Global,0.647,1951-1980,377.11,1,0.6546
2003-04,2003,4,Global,0.736,1951-1980,378.07,1,0.6669
2003-05,2003,5,Global,0.653,1951-1980,378.91,1,0.6679
2003-06,2003,6,Global,0.67,1951-1980,378.28,1,0.6779
2003-07,2003,7,Global,0.586,1951-1980,376.55,1,0.6768
2003-08,2003,8,Global,0.585,1951-1980,375.07,1,0.6761
2003-09,2003,9,Global,0.637,1951-1980,373.16,1,0.6734
2003-10,2003,10,Global,0.588,1951-1980,372.51,1,0.6658
2003-11,2003,11,Global,0.625,1951-1980,371.94,1,0.6623
2003-12,2003,12,Global,0.559,1951-1980,372.78,1,0.6517
2004-01,2004,1,Global,0.553,1951-1980,375.85,1,0.635
2004-02,2004,2,Global,0.609,1951-1980,377.17,1,0.6207
2004-03,2004,3,Global,0.576,1951-1980,378.52,1,0.6148
2004-04,2004,4,Global,0.591,1951-1980,380.2,1,0.6027
2004-05,2004,5,Global,0.553,1951-1980,380.49,1,0.5943
2004-06,2004,6,Global,0.557,1951-1980,380.42,1,0.5849
2004-07,2004,7,Global,0.542,1951-1980,379.1,1,0.5812
2004-08,2004,8,Global,0.562,1951-1980,377.38,1,0.5793
2004-09,2004,9,Global,0.513,1951-1980,375.09,1,0.569
2004-10,2004,10,Global,0.554,1951-1980,373.88,1,0.5662
2004-11,2004,11,Global,0.519,1951-1980,373.62,1,0.5573
2004-12,2004,12,Global,0.542,1951-1980,373.96,1,0.5559
2005-01,2005,1,Global,0.617,1951-1980,377.29,1,0.5612
2005-02,2005,2,Global,0.62,1951-1980,378.88,1,0.5622
2005-03,2005,3,Global,0.666,1951-1980,381.14,1,0.5697
2005-04,2005,4,Global,0.64,1951-1980,382.14,1,0.5738
2005-05,2005,5,Global,0.535,1951-1980,382.39,1,0.5722
2005-06,2005,6,Global,0.587,1951-1980,382.32,1,0.5748
2005-07,2005,7,Global,0.633,1951-1980,380.87,1,0.5823
2005-08,2005,8,Global,0.621,1951-1980,378.52,1,0.5873
2005-09,2005,9,Global,0.661,1951-1980,377.17,1,0.5996
2005-10,2005,10,Global,0.601,1951-1980,376.18,1,0.6035
2005-11,2005,11,Global,0.678,1951-1980,375.5,1,0.6168
2005-12,2005,12,Global,0.682,1951-1980,375.98,1,0.6284
2006-01,2006,1,Global,0.696,1951-1980,378.98,1,0.635
2006-02,2006,2,Global,0.673,1951-1980,380.79,1,0.6394
2006-03,2006,3,Global,0.692,1951-1980,382.24,1,0.6416
2006-04,2006,4,Global,0.637,1951-1980,383.79,1,0.6413
2006-05,2006,5,Global,0.61,1951-1980,383.73,1,0.6476
2006-06,2006,6,Global,0.623,1951-1980,383.96,1,0.6506
2006-07,2006,7,Global,0.648,1951-1980,382.18,1,0.6518
2006-08,2006,8,Global,0.638,1951-1980,380.87,1,0.6532
2006-09,2006,9,Global,0.675,1951-1980,378.5,1,0.6544
2006-10,2006,10,Global,0.557,1951-1980,377.67,1,0.6508
2006-11,2006,11,Global,0.591,1951-1980,377.52,1,0.6435
2006-12,2006,12,Global,0.615,1951-1980,378.09,1,0.6379
2007-01,2007,1,Global,0.591,1951-1980,381.74,1,0.6292
2007-02,2007,2,Global,0.63,1951-1980,383.07,1,0.6256
2007-03,2007,3,Global,0.677,1951-1980,384.6,1,0.6243
2007-04,2007,4,Global,0.638,1951-1980,385.97,1,0.6244
2007-05,2007,5,Global,0.659,1951-1980,386.45,1,0.6285
2007-06,2007,6,Global,0.662,1951-1980,385.56,1,0.6318
2007-07,2007,7,Global,0.621,1951-1980,384.66,1,0.6295
2007-08,2007,8,Global,0.732,1951-1980,382.83,1,0.6373
2007-09,2007,9,Global,0.635,1951-1980,380.37,1,0.634
2007-10,2007,10,Global,0.648,1951-1980,379.82,1,0.6416
2007-11,2007,11,Global,0.632,1951-1980,379.45,1,0.645
2007-12,2007,12,Global,0.599,1951-1980,378.94,1,0.6437
2008-01,2008,1,Global,0.68,1951-1980,382.44,1,0.6511
2008-02,2008,2,Global,0.626,1951-1980,384.59,1,0.6508
2008-03,2008,3,Global,0.677,1951-1980,385.97,1,0.6508
2008-04,2008,4,Global,0.635,1951-1980,387.24,1,0.6505
2008-05,2008,5,Global,0.625,1951-1980,388.54,1,0.6477
2008-06,2008,6,Global,0.727,1951-1980,387.2,1,0.6531
2008-07,2008,7,Global,0.596,1951-1980,386.44,1,0.651
2008-08,2008,8,Global,0.563,1951-1980,384.49,1,0.6369
2008-09,2008,9,Global,0.6,1951-1980,382.74,1,0.634
2008-10,2008,10,Global,0.48,1951-1980,381.36,1,0.62
2008-11,2008,11,Global,0.514,1951-1980,381.91,1,0.6102
2008-12,2008,12,Global,0.556,1951-1980,381.63,1,0.6066
2009-01,2009,1,Global,0.553,1951-1980,384.86,1,0.596
2009-02,2009,2,Global,0.597,1951-1980,386.37,1,0.5936
2009-03,2009,3,Global,0.54,1951-1980,388.12,1,0.5822
2009-04,2009,4,Global,0.546,1951-1980,389.69,1,0.5748
2009-05,2009,5,Global,0.618,1951-1980,390.01,1,0.5742
2009-06,2009,6,Global,0.611,1951-1980,389.92,1,0.5645
2009-07,2009,7,Global,0.575,1951-1980,388.55,1,0.5628
2009-08,2009,8,Global,0.586,1951-1980,386.6,1,0.5647
2009-09,2009,9,Global,0.606,1951-1980,385.16,1,0.5652
2009-10,2009,10,Global,0.695,1951-1980,383.21,1,0.5831
2009-11,2009,11,Global,0.67,1951-1980,383.26,1,0.5961
2009-12,2009,12,Global,0.775,1951-1980,383.22,1,0.6143
2010-01,2010,1,Global,0.721,1951-1980,387.06,1,0.6283
2010-02,2010,2,Global,0.779,1951-1980,388.15,1,0.6435
2010-03,2010,3,Global,0.721,1951-1980,390.05,1,0.6586
2010-04,2010,4,Global,0.783,1951-1980,391.77,1,0.6783
2010-05,2010,5,Global,0.671,1951-1980,391.91,1,0.6828
2010-06,2010,6,Global,0.682,1951-1980,391.33,1,0.6887
2010-07,2010,7,Global,0.694,1951-1980,390.05,1,0.6986
2010-08,2010,8,Global,0.636,1951-1980,388.38,1,0.7028
2010-09,2010,9,Global,0.612,1951-1980,386.41,1,0.7032
2010-10,2010,10,Global,0.598,1951-1980,385.42,1,0.6952
2010-11,2010,11,Global,0.634,1951-1980,385.12,1,0.6922
2010-12,2010,12,Global,0.665,1951-1980,385.23,1,0.683
2011-01,2011,1,Global,0.667,1951-1980,388.71,1,0.6785
2011-02,2011,2,Global,0.648,1951-1980,390.72,1,0.6676
2011-03,2011,3,Global,0.601,1951-1980,391.94,1,0.6576
2011-04,2011,4,Global,0.603,1951-1980,393.15,1,0.6426
2011-05,2011,5,Global,0.631,1951-1980,394.05,1,0.6392
2011-06,2011,6,Global,0.555,1951-1980,393.44,1,0.6287
2011-07,2011,7,Global,0.601,1951-1980,392.02,1,0.6209
2011-08,2011,8,Global,0.513,1951-1980,390.47,1,0.6107
2011-09,2011,9,Global,0.589,1951-1980,388.41,1,0.6088
2011-10,2011,10,Global,0.542,1951-1980,387.44,1,0.6041
2011-11,2011,11,Global,0.547,1951-1980,387.17,1,0.5968
2011-12,2011,12,Global,0.559,1951-1980,386.89,1,0.588
2012-01,2012,1,Global,0.548,1951-1980,390.4,1,0.5781
2012-02,2012,2,Global,0.564,1951-1980,392.68,1,0.5711
2012-03,2012,3,Global,0.668,1951-1980,394.3,1,0.5767
2012-04,2012,4,Global,0.562,1951-1980,395.39,1,0.5732
2012-05,2012,5,Global,0.529,1951-1980,396.04,1,0.5648
2012-06,2012,6,Global,0.587,1951-1980,395.15,1,0.5674
2012-07,2012,7,Global,0.615,1951-1980,394.34,1,0.5686
2012-08,2012,8,Global,0.597,1951-1980,392.11,1,0.5756
2012-09,2012,9,Global,0.582,1951-1980,390.58,1,0.575
2012-10,2012,10,Global,0.654,1951-1980,389.51,1,0.5843
2012-11,2012,11,Global,0.601,1951-1980,388.57,1,0.5888
2012-12,2012,12,Global,0.713,1951-1980,389.0,1,0.6017
2013-01,2013,1,Global,0.648,1951-1980,391.79,1,0.61
2013-02,2013,2,Global,0.674,1951-1980,394.44,1,0.6192
2013-03,2013,3,Global,0.718,1951-1980,395.79,1,0.6233
2013-04,2013,4,Global,0.678,1951-1980,397.08,1,0.633
2013-05,2013,5,Global,0.694,1951-1980,397.71,1,0.6468
2013-06,2013,6,Global,0.642,1951-1980,396.94,1,0.6513
2013-07,2013,7,Global,0.686,1951-1980,396.16,1,0.6572
2013-08,2013,8,Global,0.693,1951-1980,393.8,1,0.6652
2013-09,2013,9,Global,0.633,1951-1980,392.4,1,0.6695
2013-10,2013,10,Global,0.679,1951-1980,391.14,1,0.6716
2013-11,2013,11,Global,0.671,1951-1980,390.41,1,0.6774
2013-12,2013,12,Global,0.651,1951-1980,391.31,1,0.6722
2014-01,2014,1,Global,0.737,1951-1980,399.38,1,0.6797
2014-02,2014,2,Global,0.71,1951-1980,401.65,1,0.6827
2014-03,2014,3,Global,0.722,1951-1980,403.84,1,0.683
2014-04,2014,4,Global,0.685,1951-1980,404.66,1,0.6836
2014-05,2014,5,Global,0.662,1951-1980,405.23,1,0.6809
2014-06,2014,6,Global,0.758,1951-1980,404.96,1,0.6906
2014-07,2014,7,Global,0.736,1951-1980,403.48,1,0.6948
2014-08,2014,8,Global,0.706,1951-1980,401.99,1,0.6958
2014-09,2014,9,Global,0.657,1951-1980,400.18,1,0.6978
2014-10,2014,10,Global,0.757,1951-1980,398.37,1,0.7043
2014-11,2014,11,Global,0.758,1951-1980,398.49,1,0.7116
2014-12,2014,12,Global,0.697,1951-1980,398.29,1,0.7154
2015-01,2015,1,Global,0.775,1951-1980,402.92,1,0.7186
2015-02,2015,2,Global,0.825,1951-1980,404.42,1,0.7282
2015-03,2015,3,Global,0.804,1951-1980,405.48,1,0.735
2015-04,2015,4,Global,0.766,1951-1980,407.34,1,0.7418
2015-05,2015,5,Global,0.824,1951-1980,407.97,1,0.7553
2015-06,2015,6,Global,0.784,1951-1980,407.42,1,0.7574
2015-07,2015,7,Global,0.806,1951-1980,406.11,1,0.7632
2015-08,2015,8,Global,0.988,1951-1980,405.12,1,0.7867
2015-09,2015,9,Global,0.984,1951-1980,402.87,1,0.814
2015-10,2015,10,Global,0.998,1951-1980,401.37,1,0.8341
2015-11,2015,11,Global,1.071,1951-1980,400.86,1,0.8602
2015-12,2015,12,Global,1.022,1951-1980,401.23,1,0.8872
2016-01,2016,1,Global,0.996,1951-1980,405.58,1,0.9057
2016-02,2016,2,Global,1.085,1951-1980,407.39,1,0.9273
2016-03,2016,3,Global,1.092,1951-1980,408.86,1,0.9513
2016-04,2016,4,Global,1.12,1951-1980,410.19,1,0.9808
2016-05,2016,5,Global,1.164,1951-1980,410.92,1,1.0092
2016-06,2016,6,Global,1.132,1951-1980,410.09,1,1.0382
2016-07,2016,7,Global,0.927,1951-1980,408.49,1,1.0483
2016-08,2016,8,Global,0.991,1951-1980,406.69,1,1.0485
2016-09,2016,9,Global,0.942,1951-1980,405.7,1,1.045
2016-10,2016,10,Global,0.919,1951-1980,404.43,1,1.0384
2016-11,2016,11,Global,0.941,1951-1980,403.86,1,1.0276
2016-12,2016,12,Global,1.035,1951-1980,404.12,1,1.0287
2017-01,2017,1,Global,0.983,1951-1980,408.17,1,1.0276
2017-02,2017,2,Global,1.074,1951-1980,410.03,1,1.0267
2017-03,2017,3,Global,1.023,1951-1980,411.53,1,1.0209
2017-04,2017,4,Global,0.993,1951-1980,412.87,1,1.0103
2017-05,2017,5,Global,0.963,1951-1980,413.22,1,0.9936
2017-06,2017,6,Global,0.916,1951-1980,412.76,1,0.9756
2017-07,2017,7,Global,0.955,1951-1980,410.87,1,0.9779
2017-08,2017,8,Global,0.965,1951-1980,409.72,1,0.9758
2017-09,2017,9,Global,0.893,1951-1980,407.74,1,0.9717
2017-10,2017,10,Global,0.935,1951-1980,406.76,1,0.973
2017-11,2017,11,Global,1.023,1951-1980,406.41,1,0.9798
2017-12,2017,12,Global,0.989,1951-1980,406.78,1,0.976
2018-01,2018,1,Global,0.924,1951-1980,410.47,1,0.9711
2018-02,2018,2,Global,0.962,1951-1980,412.67,1,0.9618
2018-03,2018,3,Global,0.924,1951-1980,414.18,1,0.9535
2018-04,2018,4,Global,0.923,1951-1980,416.03,1,0.9477
2018-05,2018,5,Global,0.879,1951-1980,416.01,1,0.9407
2018-06,2018,6,Global,0.933,1951-1980,415.43,1,0.9421
2018-07,2018,7,Global,0.921,1951-1980,413.74,1,0.9392
2018-08,2018,8,Global,0.883,1951-1980,412.76,1,0.9324
2018-09,2018,9,Global,0.862,1951-1980,411.36,1,0.9298
2018-10,2018,10,Global,0.88,1951-1980,410.19,1,0.9252
2018-11,2018,11,Global,0.886,1951-1980,408.79,1,0.9138
2018-12,2018,12,Global,0.814,1951-1980,409.43,1,0.8992
2019-01,2019,1,Global,0.916,1951-1980,413.47,1,0.8986
2019-02,2019,2,Global,0.875,1951-1980,414.73,1,0.8913
2019-03,2019,3,Global,0.874,1951-1980,417.12,1,0.8872
2019-04,2019,4,Global,0.885,1951-1980,418.18,1,0.884
2019-05,2019,5,Global,0.915,1951-1980,418.72,1,0.887
2019-06,2019,6,Global,0.936,1951-1980,418.31,1,0.8872
2019-07,2019,7,Global,1.037,1951-1980,416.84,1,0.8969
2019-08,2019,8,Global,0.909,1951-1980,415.43,1,0.8991
2019-09,2019,9,Global,0.894,1951-1980,413.59,1,0.9018
2019-10,2019,10,Global,0.923,1951-1980,412.39,1,0.9053
2019-11,2019,11,Global,0.948,1951-1980,411.82,1,0.9105
2019-12,2019,12,Global,0.957,1951-1980,412.09,1,0.9224
2020-01,2020,1,Global,0.928,1951-1980,416.12,1,0.9234
2020-02,2020,2,Global,0.951,1951-1980,417.9,1,0.9298
2020-03,2020,3,Global,0.988,1951-1980,419.29,1,0.9392
2020-04,2020,4,Global,1.003,1951-1980,420.71,1,0.9491
2020-05,2020,5,Global,0.949,1951-1980,422.13,1,0.9519
2020-06,2020,6,Global,1.023,1951-1980,420.84,1,0.9592
2020-07,2020,7,Global,1.051,1951-1980,419.79,1,0.9603
2020-08,2020,8,Global,0.894,1951-1980,417.78,1,0.9591
2020-09,2020,9,Global,0.868,1951-1980,415.84,1,0.9569
2020-10,2020,10,Global,0.861,1951-1980,414.68,1,0.9518
2020-11,2020,11,Global,0.91,1951-1980,414.67,1,0.9486
2020-12,2020,12,Global,0.97,1951-1980,415.16,1,0.9497
2021-01,2021,1,Global,0.929,1951-1980,419.03,1,0.9498
2021-02,2021,2,Global,0.894,1951-1980,420.62,1,0.945
2021-03,2021,3,Global,0.903,1951-1980,422.47,1,0.9379
2021-04,2021,4,Global,0.928,1951-1980,423.89,1,0.9317
2021-05,2021,5,Global,0.889,1951-1980,424.35,1,0.9267
2021-06,2021,6,Global,0.82,1951-1980,423.8,1,0.9098
2021-07,2021,7,Global,0.813,1951-1980,422.06,1,0.8899
2021-08,2021,8,Global,0.854,1951-1980,420.05,1,0.8866
2021-09,2021,9,Global,0.722,1951-1980,418.45,1,0.8744
2021-10,2021,10,Global,0.775,1951-1980,417.67,1,0.8672
2021-11,2021,11,Global,0.77,1951-1980,416.8,1,0.8556
2021-12,2021,12,Global,0.785,1951-1980,417.47,1,0.8402
2022-01,2022,1,Global,0.726,1951-1980,421.68,1,0.8232
2022-02,2022,2,Global,0.768,1951-1980,423.05,1,0.8128
2022-03,2022,3,Global,0.708,1951-1980,425.39,1,0.7965
2022-04,2022,4,Global,0.799,1951-1980,426.88,1,0.7858
2022-05,2022,5,Global,0.779,1951-1980,426.92,1,0.7766
2022-06,2022,6,Global,0.78,1951-1980,426.33,1,0.7732
2022-07,2022,7,Global,0.745,1951-1980,425.08,1,0.7676
2022-08,2022,8,Global,0.773,1951-1980,423.16,1,0.7608
2022-09,2022,9,Global,0.766,1951-1980,421.11,1,0.7645
2022-10,2022,10,Global,0.758,1951-1980,420.49,1,0.7631
2022-11,2022,11,Global,0.798,1951-1980,419.69,1,0.7654
2022-12,2022,12,Global,0.778,1951-1980,420.13,1,0.7648
2023-01,2023,1,Global,0.963,1951-1980,424.34,1,0.7846
2023-02,2023,2,Global,0.969,1951-1980,426.11,1,0.8013
2023-03,2023,3,Global,1.032,1951-1980,427.75,1,0.8283
2023-04,2023,4,Global,1.042,1951-1980,429.19,1,0.8486
2023-05,2023,5,Global,1.032,1951-1980,429.49,1,0.8697
2023-06,2023,6,Global,1.02,1951-1980,428.39,1,0.8897
2023-07,2023,7,Global,1.104,1951-1980,427.53,1,0.9196
2023-08,2023,8,Global,1.218,1951-1980,426.43,1,0.9567
2023-09,2023,9,Global,1.285,1951-1980,424.26,1,0.9999
2023-10,2023,10,Global,1.309,1951-1980,422.75,1,1.0458
2023-11,2023,11,Global,1.274,1951-1980,421.77,1,1.0855
2023-12,2023,12,Global,1.35,1951-1980,422.88,1,1.1332
2024-01,2024,1,Global,1.314,1951-1980,426.82,1,1.1624
2024-02,2024,2,Global,1.452,1951-1980,428.82,1,1.2027
2024-03,2024,3,Global,1.455,1951-1980,430.27,1,1.2379
2024-04,2024,4,Global,1.372,1951-1980,431.75,1,1.2654
2024-05,2024,5,Global,1.435,1951-1980,432.25,1,1.299
2024-06,2024,6,Global,1.407,1951-1980,431.55,1,1.3312
2024-07,2024,7,Global,1.263,1951-1980,430.62,1,1.3445
2024-08,2024,8,Global,1.124,1951-1980,428.43,1,1.3367
2024-09,2024,9,Global,1.204,1951-1980,427.22,1,1.3299
2024-10,2024,10,Global,1.262,1951-1980,425.24,1,1.326
2024-11,2024,11,Global,1.194,1951-1980,425.68,1,1.3193
2024-12,2024,12,Global,1.273,1951-1980,425.2,1,1.3129
2025-01,2025,1,Global,1.276,1951-1980,429.81,1,1.3098
2025-02,2025,2,Global,1.355,1951-1980,431.36,1,1.3017
2025-03,2025,3,Global,1.239,1951-1980,432.91,1,1.2837
2025-04,2025,4,Global,1.251,1951-1980,434.44,1,1.2736
2025-05,2025,5,Global,1.238,1951-1980,434.93,1,1.2572
2025-06,2025,6,Global,1.238,1951-1980,434.51,1,1.2431
2025-07,2025,7,Global,1.27,1951-1980,433.53,1,1.2437
2025-08,2025,8,Global,1.244,1951-1980,431.07,1,1.2537
2025-09,2025,9,Global,1.277,1951-1980,429.97,1,1.2598
2025-10,2025,10,Global,1.204,1951-1980,428.94,1,1.2549
2025-11,2025,11,Global,1.181,1951-1980,428.09,1,1.2538
2025-12,2025,12,Global,1.216,1951-1980,428.54,1,1.2491
2026-01,2026,1,Global,1.192,1951-1980,432.15,1,1.2421
2026-02,2026,2,Global,1.187,1951-1980,434.19,1,1.2281
2026-03,2026,3,Global,1.205,1951-1980,435.06,1,1.2252
2026-04,2026,4,Global,1.22,1951-1980,436.88,1,1.2227
2000-01,2000,1,North_America,0.644,1951-1980,,0,0.644
2000-02,2000,2,North_America,0.649,1951-1980,,0,0.6465
2000-03,2000,3,North_America,0.616,1951-1980,,0,0.6363
2000-04,2000,4,North_America,0.619,1951-1980,,0,0.632
2000-05,2000,5,North_America,0.665,1951-1980,,0,0.6386
2000-06,2000,6,North_America,0.687,1951-1980,,0,0.6467
2000-07,2000,7,North_America,0.62,1951-1980,,0,0.6429
2000-08,2000,8,North_America,0.665,1951-1980,,0,0.6456
2000-09,2000,9,North_America,0.737,1951-1980,,0,0.6558
2000-10,2000,10,North_America,0.661,1951-1980,,0,0.6563
2000-11,2000,11,North_America,0.648,1951-1980,,0,0.6555
2000-12,2000,12,North_America,0.697,1951-1980,,0,0.659
2001-01,2001,1,North_America,0.711,1951-1980,,0,0.6646
2001-02,2001,2,North_America,0.72,1951-1980,,0,0.6705
2001-03,2001,3,North_America,0.712,1951-1980,,0,0.6785
2001-04,2001,4,North_America,0.737,1951-1980,,0,0.6883
2001-05,2001,5,North_America,0.763,1951-1980,,0,0.6965
2001-06,2001,6,North_America,0.795,1951-1980,,0,0.7055
2001-07,2001,7,North_America,0.686,1951-1980,,0,0.711
2001-08,2001,8,North_America,0.788,1951-1980,,0,0.7212
2001-09,2001,9,North_America,0.816,1951-1980,,0,0.7278
2001-10,2001,10,North_America,0.737,1951-1980,,0,0.7342
2001-11,2001,11,North_America,0.812,1951-1980,,0,0.7478
2001-12,2001,12,North_America,0.852,1951-1980,,0,0.7607
2002-01,2002,1,North_America,0.834,1951-1980,,0,0.771
2002-02,2002,2,North_America,0.765,1951-1980,,0,0.7748
2002-03,2002,3,North_America,0.872,1951-1980,,0,0.7881
2002-04,2002,4,North_America,0.866,1951-1980,,0,0.7988
2002-05,2002,5,North_America,0.87,1951-1980,,0,0.8078
2002-06,2002,6,North_America,0.883,1951-1980,,0,0.8151
2002-07,2002,7,North_America,0.9,1951-1980,,0,0.8329
2002-08,2002,8,North_America,1.032,1951-1980,,0,0.8532
2002-09,2002,9,North_America,0.99,1951-1980,,0,0.8678
2002-10,2002,10,North_America,0.846,1951-1980,,0,0.8768
2002-11,2002,11,North_America,0.95,1951-1980,,0,0.8883
2002-12,2002,12,North_America,0.911,1951-1980,,0,0.8932
2003-01,2003,1,North_America,0.931,1951-1980,,0,0.9013
2003-02,2003,2,North_America,1.038,1951-1980,,0,0.9241
2003-03,2003,3,North_America,0.968,1951-1980,,0,0.9321
2003-04,2003,4,North_America,0.982,1951-1980,,0,0.9418
2003-05,2003,5,North_America,1.064,1951-1980,,0,0.9579
2003-06,2003,6,North_America,0.917,1951-1980,,0,0.9608
2003-07,2003,7,North_America,0.941,1951-1980,,0,0.9642
2003-08,2003,8,North_America,0.843,1951-1980,,0,0.9484
2003-09,2003,9,North_America,0.862,1951-1980,,0,0.9378
2003-10,2003,10,North_America,0.885,1951-1980,,0,0.941
2003-11,2003,11,North_America,0.94,1951-1980,,0,0.9402
2003-12,2003,12,North_America,0.904,1951-1980,,0,0.9396
2004-01,2004,1,North_America,0.878,1951-1980,,0,0.9352
2004-02,2004,2,North_America,0.806,1951-1980,,0,0.9158
2004-03,2004,3,North_America,0.869,1951-1980,,0,0.9076
2004-04,2004,4,North_America,0.872,1951-1980,,0,0.8984
2004-05,2004,5,North_America,0.93,1951-1980,,0,0.8872
2004-06,2004,6,North_America,0.766,1951-1980,,0,0.8747
2004-07,2004,7,North_America,0.75,1951-1980,,0,0.8588
2004-08,2004,8,North_America,0.774,1951-1980,,0,0.853
2004-09,2004,9,North_America,0.782,1951-1980,,0,0.8463
2004-10,2004,10,North_America,0.785,1951-1980,,0,0.838
2004-11,2004,11,North_America,0.812,1951-1980,,0,0.8273
2004-12,2004,12,North_America,0.745,1951-1980,,0,0.8141
2005-01,2005,1,North_America,0.79,1951-1980,,0,0.8068
2005-02,2005,2,North_America,0.774,1951-1980,,0,0.8041
2005-03,2005,3,North_America,0.837,1951-1980,,0,0.8014
2005-04,2005,4,North_America,0.862,1951-1980,,0,0.8006
2005-05,2005,5,North_America,0.869,1951-1980,,0,0.7955
2005-06,2005,6,North_America,0.852,1951-1980,,0,0.8027
2005-07,2005,7,North_America,0.866,1951-1980,,0,0.8123
2005-08,2005,8,North_America,0.935,1951-1980,,0,0.8258
2005-09,2005,9,North_America,0.968,1951-1980,,0,0.8412
2005-10,2005,10,North_America,0.948,1951-1980,,0,0.8548
2005-11,2005,11,North_America,0.93,1951-1980,,0,0.8647
2005-12,2005,12,North_America,1.009,1951-1980,,0,0.8867
2006-01,2006,1,North_America,0.983,1951-1980,,0,0.9028
2006-02,2006,2,North_America,1.01,1951-1980,,0,0.9224
2006-03,2006,3,North_America,1.074,1951-1980,,0,0.9422
2006-04,2006,4,North_America,1.027,1951-1980,,0,0.9559
2006-05,2006,5,North_America,1.011,1951-1980,,0,0.9678
2006-06,2006,6,North_America,1.034,1951-1980,,0,0.9829
2006-07,2006,7,North_America,1.02,1951-1980,,0,0.9958
2006-08,2006,8,North_America,0.908,1951-1980,,0,0.9935
2006-09,2006,9,North_America,0.925,1951-1980,,0,0.9899
2006-10,2006,10,North_America,0.868,1951-1980,,0,0.9832
2006-11,2006,11,North_America,0.902,1951-1980,,0,0.9809
2006-12,2006,12,North_America,1.012,1951-1980,,0,0.9812
2007-01,2007,1,North_America,0.994,1951-1980,,0,0.9821
2007-02,2007,2,North_America,0.87,1951-1980,,0,0.9704
2007-03,2007,3,North_America,0.991,1951-1980,,0,0.9635
2007-04,2007,4,North_America,0.94,1951-1980,,0,0.9563
2007-05,2007,5,North_America,0.988,1951-1980,,0,0.9543
2007-06,2007,6,North_America,0.955,1951-1980,,0,0.9478
2007-07,2007,7,North_America,0.926,1951-1980,,0,0.9399
2007-08,2007,8,North_America,0.881,1951-1980,,0,0.9377
2007-09,2007,9,North_America,0.933,1951-1980,,0,0.9383
2007-10,2007,10,North_America,0.958,1951-1980,,0,0.9458
2007-11,2007,11,North_America,0.869,1951-1980,,0,0.9431
2007-12,2007,12,North_America,0.969,1951-1980,,0,0.9395
2008-01,2008,1,North_America,0.871,1951-1980,,0,0.9292
2008-02,2008,2,North_America,0.905,1951-1980,,0,0.9322
2008-03,2008,3,North_America,0.842,1951-1980,,0,0.9198
2008-04,2008,4,North_America,0.934,1951-1980,,0,0.9192
2008-05,2008,5,North_America,0.914,1951-1980,,0,0.9131
2008-06,2008,6,North_America,0.786,1951-1980,,0,0.899
2008-07,2008,7,North_America,0.759,1951-1980,,0,0.8851
2008-08,2008,8,North_America,0.861,1951-1980,,0,0.8834
2008-09,2008,9,North_America,0.8,1951-1980,,0,0.8723
2008-10,2008,10,North_America,0.771,1951-1980,,0,0.8568
2008-11,2008,11,North_America,0.762,1951-1980,,0,0.8478
2008-12,2008,12,North_America,0.746,1951-1980,,0,0.8292
2009-01,2009,1,North_America,0.765,1951-1980,,0,0.8204
2009-02,2009,2,North_America,0.867,1951-1980,,0,0.8172
2009-03,2009,3,North_America,0.825,1951-1980,,0,0.8158
2009-04,2009,4,North_America,0.905,1951-1980,,0,0.8134
2009-05,2009,5,North_America,0.86,1951-1980,,0,0.8089
2009-06,2009,6,North_America,0.899,1951-1980,,0,0.8183
2009-07,2009,7,North_America,0.907,1951-1980,,0,0.8307
2009-08,2009,8,North_America,0.863,1951-1980,,0,0.8308
2009-09,2009,9,North_America,0.888,1951-1980,,0,0.8382
2009-10,2009,10,North_America,0.99,1951-1980,,0,0.8564
2009-11,2009,11,North_America,1.007,1951-1980,,0,0.8768
2009-12,2009,12,North_America,1.095,1951-1980,,0,0.9059
2010-01,2010,1,North_America,0.996,1951-1980,,0,0.9252
2010-02,2010,2,North_America,1.052,1951-1980,,0,0.9406
2010-03,2010,3,North_America,1.085,1951-1980,,0,0.9622
2010-04,2010,4,North_America,1.169,1951-1980,,0,0.9842
2010-05,2010,5,North_America,1.014,1951-1980,,0,0.9971
2010-06,2010,6,North_America,0.96,1951-1980,,0,1.0022
2010-07,2010,7,North_America,1.03,1951-1980,,0,1.0124
2010-08,2010,8,North_America,1.002,1951-1980,,0,1.024
2010-09,2010,9,North_America,0.901,1951-1980,,0,1.0251
2010-10,2010,10,North_America,0.932,1951-1980,,0,1.0202
2010-11,2010,11,North_America,0.947,1951-1980,,0,1.0152
2010-12,2010,12,North_America,1.01,1951-1980,,0,1.0082
2011-01,2011,1,North_America,0.918,1951-1980,,0,1.0017
2011-02,2011,2,North_America,0.96,1951-1980,,0,0.994
2011-03,2011,3,North_America,0.951,1951-1980,,0,0.9828
2011-04,2011,4,North_America,0.897,1951-1980,,0,0.9602
2011-05,2011,5,North_America,0.91,1951-1980,,0,0.9515
2011-06,2011,6,North_America,0.898,1951-1980,,0,0.9463
2011-07,2011,7,North_America,0.845,1951-1980,,0,0.9309
2011-08,2011,8,North_America,0.811,1951-1980,,0,0.915
2011-09,2011,9,North_America,0.785,1951-1980,,0,0.9053
2011-10,2011,10,North_America,0.835,1951-1980,,0,0.8973
2011-11,2011,11,North_America,0.844,1951-1980,,0,0.8887
2011-12,2011,12,North_America,0.774,1951-1980,,0,0.869
2012-01,2012,1,North_America,0.829,1951-1980,,0,0.8616
2012-02,2012,2,North_America,0.788,1951-1980,,0,0.8472
2012-03,2012,3,North_America,0.829,1951-1980,,0,0.8371
2012-04,2012,4,North_America,0.83,1951-1980,,0,0.8315
2012-05,2012,5,North_America,0.848,1951-1980,,0,0.8263
2012-06,2012,6,North_America,0.808,1951-1980,,0,0.8188
2012-07,2012,7,North_America,0.882,1951-1980,,0,0.8219
2012-08,2012,8,North_America,0.997,1951-1980,,0,0.8374
2012-09,2012,9,North_America,0.872,1951-1980,,0,0.8447
2012-10,2012,10,North_America,0.839,1951-1980,,0,0.845
2012-11,2012,11,North_America,0.884,1951-1980,,0,0.8483
2012-12,2012,12,North_America,0.965,1951-1980,,0,0.8642
2013-01,2013,1,North_America,1.007,1951-1980,,0,0.8791
2013-02,2013,2,North_America,0.951,1951-1980,,0,0.8927
2013-03,2013,3,North_America,0.995,1951-1980,,0,0.9065
2013-04,2013,4,North_America,0.992,1951-1980,,0,0.92
2013-05,2013,5,North_America,1.069,1951-1980,,0,0.9384
2013-06,2013,6,North_America,0.977,1951-1980,,0,0.9525
2013-07,2013,7,North_America,0.964,1951-1980,,0,0.9593
2013-08,2013,8,North_America,0.931,1951-1980,,0,0.9538
2013-09,2013,9,North_America,1.003,1951-1980,,0,0.9647
2013-10,2013,10,North_America,0.916,1951-1980,,0,0.9712
2013-11,2013,11,North_America,0.949,1951-1980,,0,0.9766
2013-12,2013,12,North_America,1.016,1951-1980,,0,0.9808
2014-01,2014,1,North_America,1.01,1951-1980,,0,0.9811
2014-02,2014,2,North_America,1.008,1951-1980,,0,0.9858
2014-03,2014,3,North_America,0.982,1951-1980,,0,0.9848
2014-04,2014,4,North_America,1.081,1951-1980,,0,0.9922
2014-05,2014,5,North_America,1.024,1951-1980,,0,0.9884
2014-06,2014,6,North_America,1.065,1951-1980,,0,0.9958
2014-07,2014,7,North_America,1.089,1951-1980,,0,1.0062
2014-08,2014,8,North_America,1.018,1951-1980,,0,1.0134
2014-09,2014,9,North_America,1.119,1951-1980,,0,1.0231
2014-10,2014,10,North_America,1.074,1951-1980,,0,1.0363
2014-11,2014,11,North_America,1.048,1951-1980,,0,1.0445
2014-12,2014,12,North_America,1.082,1951-1980,,0,1.05
2015-01,2015,1,North_America,1.073,1951-1980,,0,1.0552
2015-02,2015,2,North_America,1.18,1951-1980,,0,1.0696
2015-03,2015,3,North_America,1.108,1951-1980,,0,1.0801
2015-04,2015,4,North_America,1.164,1951-1980,,0,1.087
2015-05,2015,5,North_America,1.11,1951-1980,,0,1.0942
2015-06,2015,6,North_America,1.247,1951-1980,,0,1.1093
2015-07,2015,7,North_America,1.222,1951-1980,,0,1.1204
2015-08,2015,8,North_America,1.451,1951-1980,,0,1.1565
2015-09,2015,9,North_America,1.399,1951-1980,,0,1.1798
2015-10,2015,10,North_America,1.442,1951-1980,,0,1.2105
2015-11,2015,11,North_America,1.46,1951-1980,,0,1.2448
2015-12,2015,12,North_America,1.455,1951-1980,,0,1.2759
2016-01,2016,1,North_America,1.478,1951-1980,,0,1.3097
2016-02,2016,2,North_America,1.573,1951-1980,,0,1.3424
2016-03,2016,3,North_America,1.523,1951-1980,,0,1.377
2016-04,2016,4,North_America,1.555,1951-1980,,0,1.4096
2016-05,2016,5,North_America,1.572,1951-1980,,0,1.4481
2016-06,2016,6,North_America,1.567,1951-1980,,0,1.4748
2016-07,2016,7,North_America,1.423,1951-1980,,0,1.4915
2016-08,2016,8,North_America,1.397,1951-1980,,0,1.487
2016-09,2016,9,North_America,1.409,1951-1980,,0,1.4878
2016-10,2016,10,North_America,1.381,1951-1980,,0,1.4828
2016-11,2016,11,North_America,1.444,1951-1980,,0,1.4814
2016-12,2016,12,North_America,1.419,1951-1980,,0,1.4784
2017-01,2017,1,North_America,1.377,1951-1980,,0,1.47
2017-02,2017,2,North_America,1.444,1951-1980,,0,1.4592
2017-03,2017,3,North_America,1.469,1951-1980,,0,1.4548
2017-04,2017,4,North_America,1.448,1951-1980,,0,1.4458
2017-05,2017,5,North_America,1.385,1951-1980,,0,1.4302
2017-06,2017,6,North_America,1.396,1951-1980,,0,1.416
2017-07,2017,7,North_America,1.378,1951-1980,,0,1.4122
2017-08,2017,8,North_America,1.367,1951-1980,,0,1.4098
2017-09,2017,9,North_America,1.321,1951-1980,,0,1.4024
2017-10,2017,10,North_America,1.341,1951-1980,,0,1.3991
2017-11,2017,11,North_America,1.276,1951-1980,,0,1.3851
2017-12,2017,12,North_America,1.261,1951-1980,,0,1.3719
2018-01,2018,1,North_America,1.38,1951-1980,,0,1.3722
2018-02,2018,2,North_America,1.366,1951-1980,,0,1.3657
2018-03,2018,3,North_America,1.317,1951-1980,,0,1.353
2018-04,2018,4,North_America,1.335,1951-1980,,0,1.3436
2018-05,2018,5,North_America,1.372,1951-1980,,0,1.3425
2018-06,2018,6,North_America,1.358,1951-1980,,0,1.3393
2018-07,2018,7,North_America,1.225,1951-1980,,0,1.3266
2018-08,2018,8,North_America,1.279,1951-1980,,0,1.3192
2018-09,2018,9,North_America,1.225,1951-1980,,0,1.3112
2018-10,2018,10,North_America,1.255,1951-1980,,0,1.3041
2018-11,2018,11,North_America,1.225,1951-1980,,0,1.2998
2018-12,2018,12,North_America,1.219,1951-1980,,0,1.2963
2019-01,2019,1,North_America,1.212,1951-1980,,0,1.2823
2019-02,2019,2,North_America,1.22,1951-1980,,0,1.2702
2019-03,2019,3,North_America,1.325,1951-1980,,0,1.2708
2019-04,2019,4,North_America,1.308,1951-1980,,0,1.2686
2019-05,2019,5,North_America,1.365,1951-1980,,0,1.268
2019-06,2019,6,North_America,1.31,1951-1980,,0,1.264
2019-07,2019,7,North_America,1.333,1951-1980,,0,1.273
2019-08,2019,8,North_America,1.33,1951-1980,,0,1.2773
2019-09,2019,9,North_America,1.344,1951-1980,,0,1.2872
2019-10,2019,10,North_America,1.361,1951-1980,,0,1.296
2019-11,2019,11,North_America,1.451,1951-1980,,0,1.3148
2019-12,2019,12,North_America,1.468,1951-1980,,0,1.3356
2020-01,2020,1,North_America,1.45,1951-1980,,0,1.3554
2020-02,2020,2,North_America,1.458,1951-1980,,0,1.3752
2020-03,2020,3,North_America,1.466,1951-1980,,0,1.387
2020-04,2020,4,North_America,1.435,1951-1980,,0,1.3976
2020-05,2020,5,North_America,1.373,1951-1980,,0,1.3982
2020-06,2020,6,North_America,1.418,1951-1980,,0,1.4073
2020-07,2020,7,North_America,1.507,1951-1980,,0,1.4218
2020-08,2020,8,North_America,1.37,1951-1980,,0,1.4251
2020-09,2020,9,North_America,1.377,1951-1980,,0,1.4278
2020-10,2020,10,North_America,1.373,1951-1980,,0,1.4288
2020-11,2020,11,North_America,1.371,1951-1980,,0,1.4222
2020-12,2020,12,North_America,1.343,1951-1980,,0,1.4117
2021-01,2021,1,North_America,1.357,1951-1980,,0,1.404
2021-02,2021,2,North_America,1.371,1951-1980,,0,1.3968
2021-03,2021,3,North_America,1.287,1951-1980,,0,1.3818
2021-04,2021,4,North_America,1.408,1951-1980,,0,1.3796
2021-05,2021,5,North_America,1.198,1951-1980,,0,1.365
2021-06,2021,6,North_America,1.226,1951-1980,,0,1.349
2021-07,2021,7,North_America,1.195,1951-1980,,0,1.323
2021-08,2021,8,North_America,1.177,1951-1980,,0,1.3069
2021-09,2021,9,North_America,1.219,1951-1980,,0,1.2938
2021-10,2021,10,North_America,1.17,1951-1980,,0,1.2768
2021-11,2021,11,North_America,1.157,1951-1980,,0,1.259
2021-12,2021,12,North_America,1.191,1951-1980,,0,1.2463
2022-01,2022,1,North_America,1.187,1951-1980,,0,1.2322
2022-02,2022,2,North_America,1.142,1951-1980,,0,1.2131
2022-03,2022,3,North_America,1.132,1951-1980,,0,1.2002
2022-04,2022,4,North_America,1.204,1951-1980,,0,1.1832
2022-05,2022,5,North_America,1.241,1951-1980,,0,1.1868
2022-06,2022,6,North_America,1.17,1951-1980,,0,1.1821
2022-07,2022,7,North_America,1.24,1951-1980,,0,1.1858
2022-08,2022,8,North_America,1.125,1951-1980,,0,1.1815
2022-09,2022,9,North_America,1.144,1951-1980,,0,1.1752
2022-10,2022,10,North_America,1.142,1951-1980,,0,1.1729
2022-11,2022,11,North_America,1.122,1951-1980,,0,1.17
2022-12,2022,12,North_America,1.238,1951-1980,,0,1.1739
2023-01,2023,1,North_America,1.332,1951-1980,,0,1.186
2023-02,2023,2,North_America,1.368,1951-1980,,0,1.2048
2023-03,2023,3,North_America,1.385,1951-1980,,0,1.2259
2023-04,2023,4,North_America,1.418,1951-1980,,0,1.2438
2023-05,2023,5,North_America,1.546,1951-1980,,0,1.2692
2023-06,2023,6,North_America,1.533,1951-1980,,0,1.2994
2023-07,2023,7,North_America,1.521,1951-1980,,0,1.3228
2023-08,2023,8,North_America,1.687,1951-1980,,0,1.3697
2023-09,2023,9,North_America,1.829,1951-1980,,0,1.4268
2023-10,2023,10,North_America,1.785,1951-1980,,0,1.4803
2023-11,2023,11,North_America,1.846,1951-1980,,0,1.5407
2023-12,2023,12,North_America,1.864,1951-1980,,0,1.5928
2024-01,2024,1,North_America,1.999,1951-1980,,0,1.6484
2024-02,2024,2,North_America,1.926,1951-1980,,0,1.6949
2024-03,2024,3,North_America,1.896,1951-1980,,0,1.7375
2024-04,2024,4,North_America,2.002,1951-1980,,0,1.7862
2024-05,2024,5,North_America,1.935,1951-1980,,0,1.8186
2024-06,2024,6,North_America,2.009,1951-1980,,0,1.8582
2024-07,2024,7,North_America,1.766,1951-1980,,0,1.8787
2024-08,2024,8,North_America,1.787,1951-1980,,0,1.887
2024-09,2024,9,North_America,1.829,1951-1980,,0,1.887
2024-10,2024,10,North_America,1.821,1951-1980,,0,1.89
2024-11,2024,11,North_America,1.823,1951-1980,,0,1.8881
2024-12,2024,12,North_America,1.892,1951-1980,,0,1.8904
2025-01,2025,1,North_America,1.851,1951-1980,,0,1.8781
2025-02,2025,2,North_America,1.833,1951-1980,,0,1.8703
2025-03,2025,3,North_America,1.79,1951-1980,,0,1.8615
2025-04,2025,4,North_America,1.826,1951-1980,,0,1.8468
2025-05,2025,5,North_America,1.796,1951-1980,,0,1.8352
2025-06,2025,6,North_America,1.845,1951-1980,,0,1.8216
2025-07,2025,7,North_America,1.837,1951-1980,,0,1.8275
2025-08,2025,8,North_America,1.796,1951-1980,,0,1.8282
2025-09,2025,9,North_America,1.801,1951-1980,,0,1.8259
2025-10,2025,10,North_America,1.808,1951-1980,,0,1.8248
2025-11,2025,11,North_America,1.752,1951-1980,,0,1.8189
2025-12,2025,12,North_America,1.775,1951-1980,,0,1.8092
2026-01,2026,1,North_America,1.734,1951-1980,,0,1.7994
2026-02,2026,2,North_America,1.717,1951-1980,,0,1.7898
2026-03,2026,3,North_America,1.805,1951-1980,,0,1.791
2026-04,2026,4,North_America,1.777,1951-1980,,0,1.7869
2000-01,2000,1,Northern_Hemisphere,0.468,1951-1980,,0,0.468
2000-02,2000,2,Northern_Hemisphere,0.556,1951-1980,,0,0.512
2000-03,2000,3,Northern_Hemisphere,0.573,1951-1980,,0,0.5323
2000-04,2000,4,Northern_Hemisphere,0.53,1951-1980,,0,0.5317
2000-05,2000,5,Northern_Hemisphere,0.627,1951-1980,,0,0.5508
2000-06,2000,6,Northern_Hemisphere,0.545,1951-1980,,0,0.5498
2000-07,2000,7,Northern_Hemisphere,0.575,1951-1980,,0,0.5534
2000-08,2000,8,Northern_Hemisphere,0.597,1951-1980,,0,0.5589
2000-09,2000,9,Northern_Hemisphere,0.613,1951-1980,,0,0.5649
2000-10,2000,10,Northern_Hemisphere,0.635,1951-1980,,0,0.5719
2000-11,2000,11,Northern_Hemisphere,0.636,1951-1980,,0,0.5777
2000-12,2000,12,Northern_Hemisphere,0.669,1951-1980,,0,0.5853
2001-01,2001,1,Northern_Hemisphere,0.66,1951-1980,,0,0.6013
2001-02,2001,2,Northern_Hemisphere,0.653,1951-1980,,0,0.6094
2001-03,2001,3,Northern_Hemisphere,0.632,1951-1980,,0,0.6143
2001-04,2001,4,Northern_Hemisphere,0.761,1951-1980,,0,0.6336
2001-05,2001,5,Northern_Hemisphere,0.671,1951-1980,,0,0.6372
2001-06,2001,6,Northern_Hemisphere,0.65,1951-1980,,0,0.646
2001-07,2001,7,Northern_Hemisphere,0.737,1951-1980,,0,0.6595
2001-08,2001,8,Northern_Hemisphere,0.699,1951-1980,,0,0.668
2001-09,2001,9,Northern_Hemisphere,0.749,1951-1980,,0,0.6793
2001-10,2001,10,Northern_Hemisphere,0.589,1951-1980,,0,0.6755
2001-11,2001,11,Northern_Hemisphere,0.7,1951-1980,,0,0.6808
2001-12,2001,12,Northern_Hemisphere,0.739,1951-1980,,0,0.6867
2002-01,2002,1,Northern_Hemisphere,0.734,1951-1980,,0,0.6928
2002-02,2002,2,Northern_Hemisphere,0.761,1951-1980,,0,0.7018
2002-03,2002,3,Northern_Hemisphere,0.758,1951-1980,,0,0.7123
2002-04,2002,4,Northern_Hemisphere,0.744,1951-1980,,0,0.7109
2002-05,2002,5,Northern_Hemisphere,0.848,1951-1980,,0,0.7257
2002-06,2002,6,Northern_Hemisphere,0.815,1951-1980,,0,0.7394
2002-07,2002,7,Northern_Hemisphere,0.766,1951-1980,,0,0.7418
2002-08,2002,8,Northern_Hemisphere,0.9,1951-1980,,0,0.7586
2002-09,2002,9,Northern_Hemisphere,0.873,1951-1980,,0,0.7689
2002-10,2002,10,Northern_Hemisphere,0.833,1951-1980,,0,0.7892
2002-11,2002,11,Northern_Hemisphere,0.889,1951-1980,,0,0.805
2002-12,2002,12,Northern_Hemisphere,0.912,1951-1980,,0,0.8194
2003-01,2003,1,Northern_Hemisphere,0.788,1951-1980,,0,0.8239
2003-02,2003,2,Northern_Hemisphere,0.873,1951-1980,,0,0.8332
2003-03,2003,3,Northern_Hemisphere,0.843,1951-1980,,0,0.8403
2003-04,2003,4,Northern_Hemisphere,0.86,1951-1980,,0,0.85
2003-05,2003,5,Northern_Hemisphere,0.884,1951-1980,,0,0.853
2003-06,2003,6,Northern_Hemisphere,0.822,1951-1980,,0,0.8536
2003-07,2003,7,Northern_Hemisphere,0.894,1951-1980,,0,0.8642
2003-08,2003,8,Northern_Hemisphere,0.825,1951-1980,,0,0.858
2003-09,2003,9,Northern_Hemisphere,0.77,1951-1980,,0,0.8494
2003-10,2003,10,Northern_Hemisphere,0.738,1951-1980,,0,0.8415
2003-11,2003,11,Northern_Hemisphere,0.817,1951-1980,,0,0.8355
2003-12,2003,12,Northern_Hemisphere,0.746,1951-1980,,0,0.8217
2004-01,2004,1,Northern_Hemisphere,0.796,1951-1980,,0,0.8223
2004-02,2004,2,Northern_Hemisphere,0.744,1951-1980,,0,0.8116
2004-03,2004,3,Northern_Hemisphere,0.839,1951-1980,,0,0.8113
2004-04,2004,4,Northern_Hemisphere,0.763,1951-1980,,0,0.8032
2004-05,2004,5,Northern_Hemisphere,0.759,1951-1980,,0,0.7928
2004-06,2004,6,Northern_Hemisphere,0.794,1951-1980,,0,0.7904
2004-07,2004,7,Northern_Hemisphere,0.717,1951-1980,,0,0.7757
2004-08,2004,8,Northern_Hemisphere,0.679,1951-1980,,0,0.7635
2004-09,2004,9,Northern_Hemisphere,0.723,1951-1980,,0,0.7596
2004-10,2004,10,Northern_Hemisphere,0.755,1951-1980,,0,0.761
2004-11,2004,11,Northern_Hemisphere,0.739,1951-1980,,0,0.7545
2004-12,2004,12,Northern_Hemisphere,0.707,1951-1980,,0,0.7512
2005-01,2005,1,Northern_Hemisphere,0.717,1951-1980,,0,0.7447
2005-02,2005,2,Northern_Hemisphere,0.764,1951-1980,,0,0.7463
2005-03,2005,3,Northern_Hemisphere,0.798,1951-1980,,0,0.7429
2005-04,2005,4,Northern_Hemisphere,0.767,1951-1980,,0,0.7433
2005-05,2005,5,Northern_Hemisphere,0.8,1951-1980,,0,0.7467
2005-06,2005,6,Northern_Hemisphere,0.779,1951-1980,,0,0.7454
2005-07,2005,7,Northern_Hemisphere,0.809,1951-1980,,0,0.7531
2005-08,2005,8,Northern_Hemisphere,0.875,1951-1980,,0,0.7694
2005-09,2005,9,Northern_Hemisphere,0.863,1951-1980,,0,0.7811
2005-10,2005,10,Northern_Hemisphere,0.897,1951-1980,,0,0.7929
2005-11,2005,11,Northern_Hemisphere,0.856,1951-1980,,0,0.8027
2005-12,2005,12,Northern_Hemisphere,0.956,1951-1980,,0,0.8234
2006-01,2006,1,Northern_Hemisphere,0.89,1951-1980,,0,0.8378
2006-02,2006,2,Northern_Hemisphere,0.889,1951-1980,,0,0.8482
2006-03,2006,3,Northern_Hemisphere,0.92,1951-1980,,0,0.8584
2006-04,2006,4,Northern_Hemisphere,0.865,1951-1980,,0,0.8666
2006-05,2006,5,Northern_Hemisphere,0.88,1951-1980,,0,0.8732
2006-06,2006,6,Northern_Hemisphere,0.869,1951-1980,,0,0.8808
2006-07,2006,7,Northern_Hemisphere,0.82,1951-1980,,0,0.8817
2006-08,2006,8,Northern_Hemisphere,0.861,1951-1980,,0,0.8805
2006-09,2006,9,Northern_Hemisphere,0.824,1951-1980,,0,0.8772
2006-10,2006,10,Northern_Hemisphere,0.814,1951-1980,,0,0.8703
2006-11,2006,11,Northern_Hemisphere,0.8,1951-1980,,0,0.8657
2006-12,2006,12,Northern_Hemisphere,0.844,1951-1980,,0,0.8563
2007-01,2007,1,Northern_Hemisphere,0.859,1951-1980,,0,0.8537
2007-02,2007,2,Northern_Hemisphere,0.82,1951-1980,,0,0.848
2007-03,2007,3,Northern_Hemisphere,0.895,1951-1980,,0,0.8459
2007-04,2007,4,Northern_Hemisphere,0.876,1951-1980,,0,0.8468
2007-05,2007,5,Northern_Hemisphere,0.79,1951-1980,,0,0.8393
2007-06,2007,6,Northern_Hemisphere,0.875,1951-1980,,0,0.8398
2007-07,2007,7,Northern_Hemisphere,0.836,1951-1980,,0,0.8412
2007-08,2007,8,Northern_Hemisphere,0.873,1951-1980,,0,0.8422
2007-09,2007,9,Northern_Hemisphere,0.915,1951-1980,,0,0.8498
2007-10,2007,10,Northern_Hemisphere,0.807,1951-1980,,0,0.8492
2007-11,2007,11,Northern_Hemisphere,0.917,1951-1980,,0,0.8589
2007-12,2007,12,Northern_Hemisphere,0.831,1951-1980,,0,0.8578
2008-01,2008,1,Northern_Hemisphere,0.834,1951-1980,,0,0.8558
2008-02,2008,2,Northern_Hemisphere,0.812,1951-1980,,0,0.8551
2008-03,2008,3,Northern_Hemisphere,0.85,1951-1980,,0,0.8513
2008-04,2008,4,Northern_Hemisphere,0.787,1951-1980,,0,0.8439
2008-05,2008,5,Northern_Hemisphere,0.798,1951-1980,,0,0.8446
2008-06,2008,6,Northern_Hemisphere,0.813,1951-1980,,0,0.8394
2008-07,2008,7,Northern_Hemisphere,0.697,1951-1980,,0,0.8278
2008-08,2008,8,Northern_Hemisphere,0.765,1951-1980,,0,0.8188
2008-09,2008,9,Northern_Hemisphere,0.735,1951-1980,,0,0.8038
2008-10,2008,10,Northern_Hemisphere,0.682,1951-1980,,0,0.7934
2008-11,2008,11,Northern_Hemisphere,0.652,1951-1980,,0,0.7713
2008-12,2008,12,Northern_Hemisphere,0.669,1951-1980,,0,0.7578
2009-01,2009,1,Northern_Hemisphere,0.707,1951-1980,,0,0.7473
2009-02,2009,2,Northern_Hemisphere,0.719,1951-1980,,0,0.7395
2009-03,2009,3,Northern_Hemisphere,0.716,1951-1980,,0,0.7283
2009-04,2009,4,Northern_Hemisphere,0.806,1951-1980,,0,0.7299
2009-05,2009,5,Northern_Hemisphere,0.771,1951-1980,,0,0.7277
2009-06,2009,6,Northern_Hemisphere,0.801,1951-1980,,0,0.7267
2009-07,2009,7,Northern_Hemisphere,0.758,1951-1980,,0,0.7318
2009-08,2009,8,Northern_Hemisphere,0.743,1951-1980,,0,0.7299
2009-09,2009,9,Northern_Hemisphere,0.828,1951-1980,,0,0.7377
2009-10,2009,10,Northern_Hemisphere,0.941,1951-1980,,0,0.7593
2009-11,2009,11,Northern_Hemisphere,0.882,1951-1980,,0,0.7784
2009-12,2009,12,Northern_Hemisphere,0.929,1951-1980,,0,0.8001
2010-01,2010,1,Northern_Hemisphere,0.962,1951-1980,,0,0.8213
2010-02,2010,2,Northern_Hemisphere,0.93,1951-1980,,0,0.8389
2010-03,2010,3,Northern_Hemisphere,1.031,1951-1980,,0,0.8652
2010-04,2010,4,Northern_Hemisphere,1.008,1951-1980,,0,0.882
2010-05,2010,5,Northern_Hemisphere,0.875,1951-1980,,0,0.8907
2010-06,2010,6,Northern_Hemisphere,0.851,1951-1980,,0,0.8948
2010-07,2010,7,Northern_Hemisphere,0.904,1951-1980,,0,0.907
2010-08,2010,8,Northern_Hemisphere,0.801,1951-1980,,0,0.9118
2010-09,2010,9,Northern_Hemisphere,0.866,1951-1980,,0,0.915
2010-10,2010,10,Northern_Hemisphere,0.844,1951-1980,,0,0.9069
2010-11,2010,11,Northern_Hemisphere,0.873,1951-1980,,0,0.9062
2010-12,2010,12,Northern_Hemisphere,0.856,1951-1980,,0,0.9001
2011-01,2011,1,Northern_Hemisphere,0.846,1951-1980,,0,0.8904
2011-02,2011,2,Northern_Hemisphere,0.827,1951-1980,,0,0.8818
2011-03,2011,3,Northern_Hemisphere,0.823,1951-1980,,0,0.8645
2011-04,2011,4,Northern_Hemisphere,0.853,1951-1980,,0,0.8516
2011-05,2011,5,Northern_Hemisphere,0.899,1951-1980,,0,0.8536
2011-06,2011,6,Northern_Hemisphere,0.787,1951-1980,,0,0.8482
2011-07,2011,7,Northern_Hemisphere,0.825,1951-1980,,0,0.8417
2011-08,2011,8,Northern_Hemisphere,0.838,1951-1980,,0,0.8447
2011-09,2011,9,Northern_Hemisphere,0.751,1951-1980,,0,0.8352
2011-10,2011,10,Northern_Hemisphere,0.622,1951-1980,,0,0.8167
2011-11,2011,11,Northern_Hemisphere,0.656,1951-1980,,0,0.7986
2011-12,2011,12,Northern_Hemisphere,0.751,1951-1980,,0,0.7898
2012-01,2012,1,Northern_Hemisphere,0.769,1951-1980,,0,0.7834
2012-02,2012,2,Northern_Hemisphere,0.636,1951-1980,,0,0.7675
2012-03,2012,3,Northern_Hemisphere,0.802,1951-1980,,0,0.7658
2012-04,2012,4,Northern_Hemisphere,0.756,1951-1980,,0,0.7577
2012-05,2012,5,Northern_Hemisphere,0.747,1951-1980,,0,0.745
2012-06,2012,6,Northern_Hemisphere,0.794,1951-1980,,0,0.7456
2012-07,2012,7,Northern_Hemisphere,0.789,1951-1980,,0,0.7426
2012-08,2012,8,Northern_Hemisphere,0.743,1951-1980,,0,0.7347
2012-09,2012,9,Northern_Hemisphere,0.775,1951-1980,,0,0.7367
2012-10,2012,10,Northern_Hemisphere,0.838,1951-1980,,0,0.7547
2012-11,2012,11,Northern_Hemisphere,0.85,1951-1980,,0,0.7708
2012-12,2012,12,Northern_Hemisphere,0.831,1951-1980,,0,0.7775
2013-01,2013,1,Northern_Hemisphere,0.87,1951-1980,,0,0.7859
2013-02,2013,2,Northern_Hemisphere,0.862,1951-1980,,0,0.8048
2013-03,2013,3,Northern_Hemisphere,0.882,1951-1980,,0,0.8114
2013-04,2013,4,Northern_Hemisphere,0.809,1951-1980,,0,0.8158
2013-05,2013,5,Northern_Hemisphere,0.924,1951-1980,,0,0.8306
2013-06,2013,6,Northern_Hemisphere,0.835,1951-1980,,0,0.834
2013-07,2013,7,Northern_Hemisphere,0.917,1951-1980,,0,0.8447
2013-08,2013,8,Northern_Hemisphere,0.837,1951-1980,,0,0.8525
2013-09,2013,9,Northern_Hemisphere,0.824,1951-1980,,0,0.8566
2013-10,2013,10,Northern_Hemisphere,0.915,1951-1980,,0,0.863
2013-11,2013,11,Northern_Hemisphere,0.823,1951-1980,,0,0.8608
2013-12,2013,12,Northern_Hemisphere,0.937,1951-1980,,0,0.8696
2014-01,2014,1,Northern_Hemisphere,0.889,1951-1980,,0,0.8712
2014-02,2014,2,Northern_Hemisphere,0.922,1951-1980,,0,0.8762
2014-03,2014,3,Northern_Hemisphere,0.9,1951-1980,,0,0.8777
2014-04,2014,4,Northern_Hemisphere,0.9,1951-1980,,0,0.8852
2014-05,2014,5,Northern_Hemisphere,0.965,1951-1980,,0,0.8887
2014-06,2014,6,Northern_Hemisphere,0.93,1951-1980,,0,0.8966
2014-07,2014,7,Northern_Hemisphere,0.914,1951-1980,,0,0.8963
2014-08,2014,8,Northern_Hemisphere,0.9,1951-1980,,0,0.9016
2014-09,2014,9,Northern_Hemisphere,0.873,1951-1980,,0,0.9057
2014-10,2014,10,Northern_Hemisphere,0.962,1951-1980,,0,0.9096
2014-11,2014,11,Northern_Hemisphere,1.005,1951-1980,,0,0.9248
2014-12,2014,12,Northern_Hemisphere,0.968,1951-1980,,0,0.9273
2015-01,2015,1,Northern_Hemisphere,0.991,1951-1980,,0,0.9358
2015-02,2015,2,Northern_Hemisphere,0.996,1951-1980,,0,0.942
2015-03,2015,3,Northern_Hemisphere,1.103,1951-1980,,0,0.9589
2015-04,2015,4,Northern_Hemisphere,1.107,1951-1980,,0,0.9762
2015-05,2015,5,Northern_Hemisphere,1.102,1951-1980,,0,0.9876
2015-06,2015,6,Northern_Hemisphere,1.083,1951-1980,,0,1.0003
2015-07,2015,7,Northern_Hemisphere,1.085,1951-1980,,0,1.0146
2015-08,2015,8,Northern_Hemisphere,1.196,1951-1980,,0,1.0392
2015-09,2015,9,Northern_Hemisphere,1.237,1951-1980,,0,1.0696
2015-10,2015,10,Northern_Hemisphere,1.234,1951-1980,,0,1.0922
2015-11,2015,11,Northern_Hemisphere,1.295,1951-1980,,0,1.1164
2015-12,2015,12,Northern_Hemisphere,1.357,1951-1980,,0,1.1488
2016-01,2016,1,Northern_Hemisphere,1.332,1951-1980,,0,1.1772
2016-02,2016,2,Northern_Hemisphere,1.392,1951-1980,,0,1.2102
2016-03,2016,3,Northern_Hemisphere,1.321,1951-1980,,0,1.2284
2016-04,2016,4,Northern_Hemisphere,1.397,1951-1980,,0,1.2526
2016-05,2016,5,Northern_Hemisphere,1.389,1951-1980,,0,1.2765
2016-06,2016,6,Northern_Hemisphere,1.508,1951-1980,,0,1.3119
2016-07,2016,7,Northern_Hemisphere,1.292,1951-1980,,0,1.3292
2016-08,2016,8,Northern_Hemisphere,1.241,1951-1980,,0,1.3329
2016-09,2016,9,Northern_Hemisphere,1.277,1951-1980,,0,1.3362
2016-10,2016,10,Northern_Hemisphere,1.326,1951-1980,,0,1.3439
2016-11,2016,11,Northern_Hemisphere,1.328,1951-1980,,0,1.3467
2016-12,2016,12,Northern_Hemisphere,1.247,1951-1980,,0,1.3375
2017-01,2017,1,Northern_Hemisphere,1.291,1951-1980,,0,1.3341
2017-02,2017,2,Northern_Hemisphere,1.274,1951-1980,,0,1.3243
2017-03,2017,3,Northern_Hemisphere,1.323,1951-1980,,0,1.3244
2017-04,2017,4,Northern_Hemisphere,1.288,1951-1980,,0,1.3153
2017-05,2017,5,Northern_Hemisphere,1.206,1951-1980,,0,1.3001
2017-06,2017,6,Northern_Hemisphere,1.286,1951-1980,,0,1.2816
2017-07,2017,7,Northern_Hemisphere,1.264,1951-1980,,0,1.2792
2017-08,2017,8,Northern_Hemisphere,1.234,1951-1980,,0,1.2787
2017-09,2017,9,Northern_Hemisphere,1.172,1951-1980,,0,1.2699
2017-10,2017,10,Northern_Hemisphere,1.201,1951-1980,,0,1.2595
2017-11,2017,11,Northern_Hemisphere,1.263,1951-1980,,0,1.2541
2017-12,2017,12,Northern_Hemisphere,1.23,1951-1980,,0,1.2527
2018-01,2018,1,Northern_Hemisphere,1.192,1951-1980,,0,1.2444
2018-02,2018,2,Northern_Hemisphere,1.105,1951-1980,,0,1.2303
2018-03,2018,3,Northern_Hemisphere,1.18,1951-1980,,0,1.2184
2018-04,2018,4,Northern_Hemisphere,1.208,1951-1980,,0,1.2118
2018-05,2018,5,Northern_Hemisphere,1.139,1951-1980,,0,1.2062
2018-06,2018,6,Northern_Hemisphere,1.168,1951-1980,,0,1.1963
2018-07,2018,7,Northern_Hemisphere,1.135,1951-1980,,0,1.1856
2018-08,2018,8,Northern_Hemisphere,1.14,1951-1980,,0,1.1777
2018-09,2018,9,Northern_Hemisphere,1.078,1951-1980,,0,1.1699
2018-10,2018,10,Northern_Hemisphere,1.103,1951-1980,,0,1.1618
2018-11,2018,11,Northern_Hemisphere,1.108,1951-1980,,0,1.1488
2018-12,2018,12,Northern_Hemisphere,1.084,1951-1980,,0,1.1367
2019-01,2019,1,Northern_Hemisphere,1.153,1951-1980,,0,1.1334
2019-02,2019,2,Northern_Hemisphere,1.074,1951-1980,,0,1.1308
2019-03,2019,3,Northern_Hemisphere,1.122,1951-1980,,0,1.126
2019-04,2019,4,Northern_Hemisphere,1.179,1951-1980,,0,1.1236
2019-05,2019,5,Northern_Hemisphere,1.223,1951-1980,,0,1.1306
2019-06,2019,6,Northern_Hemisphere,1.313,1951-1980,,0,1.1427
2019-07,2019,7,Northern_Hemisphere,1.174,1951-1980,,0,1.1459
2019-08,2019,8,Northern_Hemisphere,1.205,1951-1980,,0,1.1513
2019-09,2019,9,Northern_Hemisphere,1.23,1951-1980,,0,1.164
2019-10,2019,10,Northern_Hemisphere,1.159,1951-1980,,0,1.1687
2019-11,2019,11,Northern_Hemisphere,1.222,1951-1980,,0,1.1782
2019-12,2019,12,Northern_Hemisphere,1.273,1951-1980,,0,1.1939
2020-01,2020,1,Northern_Hemisphere,1.282,1951-1980,,0,1.2047
2020-02,2020,2,Northern_Hemisphere,1.244,1951-1980,,0,1.2188
2020-03,2020,3,Northern_Hemisphere,1.259,1951-1980,,0,1.2302
2020-04,2020,4,Northern_Hemisphere,1.218,1951-1980,,0,1.2335
2020-05,2020,5,Northern_Hemisphere,1.271,1951-1980,,0,1.2375
2020-06,2020,6,Northern_Hemisphere,1.311,1951-1980,,0,1.2373
2020-07,2020,7,Northern_Hemisphere,1.309,1951-1980,,0,1.2486
2020-08,2020,8,Northern_Hemisphere,1.168,1951-1980,,0,1.2455
2020-09,2020,9,Northern_Hemisphere,1.205,1951-1980,,0,1.2434
2020-10,2020,10,Northern_Hemisphere,1.245,1951-1980,,0,1.2506
2020-11,2020,11,Northern_Hemisphere,1.262,1951-1980,,0,1.2539
2020-12,2020,12,Northern_Hemisphere,1.224,1951-1980,,0,1.2498
2021-01,2021,1,Northern_Hemisphere,1.295,1951-1980,,0,1.2509
2021-02,2021,2,Northern_Hemisphere,1.214,1951-1980,,0,1.2484
2021-03,2021,3,Northern_Hemisphere,1.185,1951-1980,,0,1.2422
2021-04,2021,4,Northern_Hemisphere,1.214,1951-1980,,0,1.2419
2021-05,2021,5,Northern_Hemisphere,1.174,1951-1980,,0,1.2338
2021-06,2021,6,Northern_Hemisphere,1.171,1951-1980,,0,1.2222
2021-07,2021,7,Northern_Hemisphere,1.112,1951-1980,,0,1.2057
2021-08,2021,8,Northern_Hemisphere,1.064,1951-1980,,0,1.1971
2021-09,2021,9,Northern_Hemisphere,1.034,1951-1980,,0,1.1828
2021-10,2021,10,Northern_Hemisphere,1.07,1951-1980,,0,1.1682
2021-11,2021,11,Northern_Hemisphere,1.017,1951-1980,,0,1.1478
2021-12,2021,12,Northern_Hemisphere,1.017,1951-1980,,0,1.1306
2022-01,2022,1,Northern_Hemisphere,0.983,1951-1980,,0,1.1046
2022-02,2022,2,Northern_Hemisphere,1.033,1951-1980,,0,1.0895
2022-03,2022,3,Northern_Hemisphere,1.047,1951-1980,,0,1.078
2022-04,2022,4,Northern_Hemisphere,1.073,1951-1980,,0,1.0662
2022-05,2022,5,Northern_Hemisphere,1.009,1951-1980,,0,1.0525
2022-06,2022,6,Northern_Hemisphere,1.054,1951-1980,,0,1.0428
2022-07,2022,7,Northern_Hemisphere,0.998,1951-1980,,0,1.0332
2022-08,2022,8,Northern_Hemisphere,0.948,1951-1980,,0,1.0236
2022-09,2022,9,Northern_Hemisphere,1.06,1951-1980,,0,1.0258
2022-10,2022,10,Northern_Hemisphere,0.983,1951-1980,,0,1.0185
2022-11,2022,11,Northern_Hemisphere,0.97,1951-1980,,0,1.0146
2022-12,2022,12,Northern_Hemisphere,1.044,1951-1980,,0,1.0168
2023-01,2023,1,Northern_Hemisphere,1.234,1951-1980,,0,1.0378
2023-02,2023,2,Northern_Hemisphere,1.212,1951-1980,,0,1.0527
2023-03,2023,3,Northern_Hemisphere,1.21,1951-1980,,0,1.0662
2023-04,2023,4,Northern_Hemisphere,1.395,1951-1980,,0,1.0931
2023-05,2023,5,Northern_Hemisphere,1.327,1951-1980,,0,1.1196
2023-06,2023,6,Northern_Hemisphere,1.289,1951-1980,,0,1.1392
2023-07,2023,7,Northern_Hemisphere,1.401,1951-1980,,0,1.1728
2023-08,2023,8,Northern_Hemisphere,1.641,1951-1980,,0,1.2305
2023-09,2023,9,Northern_Hemisphere,1.598,1951-1980,,0,1.2753
2023-10,2023,10,Northern_Hemisphere,1.64,1951-1980,,0,1.3301
2023-11,2023,11,Northern_Hemisphere,1.64,1951-1980,,0,1.3859
2023-12,2023,12,Northern_Hemisphere,1.677,1951-1980,,0,1.4387
2024-01,2024,1,Northern_Hemisphere,1.696,1951-1980,,0,1.4772
2024-02,2024,2,Northern_Hemisphere,1.707,1951-1980,,0,1.5184
2024-03,2024,3,Northern_Hemisphere,1.752,1951-1980,,0,1.5636
2024-04,2024,4,Northern_Hemisphere,1.704,1951-1980,,0,1.5893
2024-05,2024,5,Northern_Hemisphere,1.793,1951-1980,,0,1.6282
2024-06,2024,6,Northern_Hemisphere,1.793,1951-1980,,0,1.6702
2024-07,2024,7,Northern_Hemisphere,1.572,1951-1980,,0,1.6844
2024-08,2024,8,Northern_Hemisphere,1.616,1951-1980,,0,1.6823
2024-09,2024,9,Northern_Hemisphere,1.6,1951-1980,,0,1.6825
2024-10,2024,10,Northern_Hemisphere,1.627,1951-1980,,0,1.6814
2024-11,2024,11,Northern_Hemisphere,1.621,1951-1980,,0,1.6798
2024-12,2024,12,Northern_Hemisphere,1.733,1951-1980,,0,1.6845
2025-01,2025,1,Northern_Hemisphere,1.639,1951-1980,,0,1.6798
2025-02,2025,2,Northern_Hemisphere,1.642,1951-1980,,0,1.6743
2025-03,2025,3,Northern_Hemisphere,1.581,1951-1980,,0,1.6601
2025-04,2025,4,Northern_Hemisphere,1.74,1951-1980,,0,1.6631
2025-05,2025,5,Northern_Hemisphere,1.735,1951-1980,,0,1.6582
2025-06,2025,6,Northern_Hemisphere,1.653,1951-1980,,0,1.6466
2025-07,2025,7,Northern_Hemisphere,1.535,1951-1980,,0,1.6435
2025-08,2025,8,Northern_Hemisphere,1.533,1951-1980,,0,1.6366
2025-09,2025,9,Northern_Hemisphere,1.657,1951-1980,,0,1.6413
2025-10,2025,10,Northern_Hemisphere,1.578,1951-1980,,0,1.6373
2025-11,2025,11,Northern_Hemisphere,1.549,1951-1980,,0,1.6312
2025-12,2025,12,Northern_Hemisphere,1.599,1951-1980,,0,1.6201
2026-01,2026,1,Northern_Hemisphere,1.566,1951-1980,,0,1.614
2026-02,2026,2,Northern_Hemisphere,1.526,1951-1980,,0,1.6043
2026-03,2026,3,Northern_Hemisphere,1.617,1951-1980,,0,1.6073
2026-04,2026,4,Northern_Hemisphere,1.495,1951-1980,,0,1.5869
2000-01,2000,1,Southern_Hemisphere,0.32,1951-1980,,0,0.32
2000-02,2000,2,Southern_Hemisphere,0.378,1951-1980,,0,0.349
2000-03,2000,3,Southern_Hemisphere,0.308,1951-1980,,0,0.3353
2000-04,2000,4,Southern_Hemisphere,0.329,1951-1980,,0,0.3338
2000-05,2000,5,Southern_Hemisphere,0.298,1951-1980,,0,0.3266
2000-06,2000,6,Southern_Hemisphere,0.327,1951-1980,,0,0.3267
2000-07,2000,7,Southern_Hemisphere,0.326,1951-1980,,0,0.3266
2000-08,2000,8,Southern_Hemisphere,0.399,1951-1980,,0,0.3356
2000-09,2000,9,Southern_Hemisphere,0.273,1951-1980,,0,0.3287
2000-10,2000,10,Southern_Hemisphere,0.327,1951-1980,,0,0.3285
2000-11,2000,11,Southern_Hemisphere,0.377,1951-1980,,0,0.3329
2000-12,2000,12,Southern_Hemisphere,0.335,1951-1980,,0,0.3331
2001-01,2001,1,Southern_Hemisphere,0.366,1951-1980,,0,0.3369
2001-02,2001,2,Southern_Hemisphere,0.367,1951-1980,,0,0.336
2001-03,2001,3,Southern_Hemisphere,0.333,1951-1980,,0,0.3381
2001-04,2001,4,Southern_Hemisphere,0.355,1951-1980,,0,0.3402
2001-05,2001,5,Southern_Hemisphere,0.409,1951-1980,,0,0.3495
2001-06,2001,6,Southern_Hemisphere,0.445,1951-1980,,0,0.3593
2001-07,2001,7,Southern_Hemisphere,0.382,1951-1980,,0,0.364
2001-08,2001,8,Southern_Hemisphere,0.433,1951-1980,,0,0.3668
2001-09,2001,9,Southern_Hemisphere,0.32,1951-1980,,0,0.3708
2001-10,2001,10,Southern_Hemisphere,0.387,1951-1980,,0,0.3758
2001-11,2001,11,Southern_Hemisphere,0.356,1951-1980,,0,0.374
2001-12,2001,12,Southern_Hemisphere,0.425,1951-1980,,0,0.3815
2002-01,2002,1,Southern_Hemisphere,0.325,1951-1980,,0,0.3781
2002-02,2002,2,Southern_Hemisphere,0.427,1951-1980,,0,0.3831
2002-03,2002,3,Southern_Hemisphere,0.419,1951-1980,,0,0.3902
2002-04,2002,4,Southern_Hemisphere,0.424,1951-1980,,0,0.396
2002-05,2002,5,Southern_Hemisphere,0.454,1951-1980,,0,0.3998
2002-06,2002,6,Southern_Hemisphere,0.463,1951-1980,,0,0.4013
2002-07,2002,7,Southern_Hemisphere,0.412,1951-1980,,0,0.4038
2002-08,2002,8,Southern_Hemisphere,0.489,1951-1980,,0,0.4084
2002-09,2002,9,Southern_Hemisphere,0.551,1951-1980,,0,0.4277
2002-10,2002,10,Southern_Hemisphere,0.454,1951-1980,,0,0.4332
2002-11,2002,11,Southern_Hemisphere,0.539,1951-1980,,0,0.4485
2002-12,2002,12,Southern_Hemisphere,0.529,1951-1980,,0,0.4572
2003-01,2003,1,Southern_Hemisphere,0.533,1951-1980,,0,0.4745
2003-02,2003,2,Southern_Hemisphere,0.563,1951-1980,,0,0.4858
2003-03,2003,3,Southern_Hemisphere,0.528,1951-1980,,0,0.4949
2003-04,2003,4,Southern_Hemisphere,0.627,1951-1980,,0,0.5118
2003-05,2003,5,Southern_Hemisphere,0.584,1951-1980,,0,0.5227
2003-06,2003,6,Southern_Hemisphere,0.515,1951-1980,,0,0.527
2003-07,2003,7,Southern_Hemisphere,0.476,1951-1980,,0,0.5323
2003-08,2003,8,Southern_Hemisphere,0.417,1951-1980,,0,0.5263
2003-09,2003,9,Southern_Hemisphere,0.442,1951-1980,,0,0.5172
2003-10,2003,10,Southern_Hemisphere,0.45,1951-1980,,0,0.5169
2003-11,2003,11,Southern_Hemisphere,0.4,1951-1980,,0,0.5053
2003-12,2003,12,Southern_Hemisphere,0.473,1951-1980,,0,0.5007
2004-01,2004,1,Southern_Hemisphere,0.454,1951-1980,,0,0.4941
2004-02,2004,2,Southern_Hemisphere,0.429,1951-1980,,0,0.4829
2004-03,2004,3,Southern_Hemisphere,0.456,1951-1980,,0,0.4769
2004-04,2004,4,Southern_Hemisphere,0.414,1951-1980,,0,0.4592
2004-05,2004,5,Southern_Hemisphere,0.527,1951-1980,,0,0.4544
2004-06,2004,6,Southern_Hemisphere,0.452,1951-1980,,0,0.4492
2004-07,2004,7,Southern_Hemisphere,0.438,1951-1980,,0,0.446
2004-08,2004,8,Southern_Hemisphere,0.462,1951-1980,,0,0.4498
2004-09,2004,9,Southern_Hemisphere,0.395,1951-1980,,0,0.4458
2004-10,2004,10,Southern_Hemisphere,0.448,1951-1980,,0,0.4457
2004-11,2004,11,Southern_Hemisphere,0.404,1951-1980,,0,0.446
2004-12,2004,12,Southern_Hemisphere,0.326,1951-1980,,0,0.4338
2005-01,2005,1,Southern_Hemisphere,0.404,1951-1980,,0,0.4296
2005-02,2005,2,Southern_Hemisphere,0.443,1951-1980,,0,0.4308
2005-03,2005,3,Southern_Hemisphere,0.455,1951-1980,,0,0.4307
2005-04,2005,4,Southern_Hemisphere,0.42,1951-1980,,0,0.4312
2005-05,2005,5,Southern_Hemisphere,0.516,1951-1980,,0,0.4302
2005-06,2005,6,Southern_Hemisphere,0.45,1951-1980,,0,0.4301
2005-07,2005,7,Southern_Hemisphere,0.452,1951-1980,,0,0.4312
2005-08,2005,8,Southern_Hemisphere,0.446,1951-1980,,0,0.4299
2005-09,2005,9,Southern_Hemisphere,0.446,1951-1980,,0,0.4342
2005-10,2005,10,Southern_Hemisphere,0.538,1951-1980,,0,0.4417
2005-11,2005,11,Southern_Hemisphere,0.562,1951-1980,,0,0.4548
2005-12,2005,12,Southern_Hemisphere,0.427,1951-1980,,0,0.4632
2006-01,2006,1,Southern_Hemisphere,0.416,1951-1980,,0,0.4642
2006-02,2006,2,Southern_Hemisphere,0.516,1951-1980,,0,0.4703
2006-03,2006,3,Southern_Hemisphere,0.585,1951-1980,,0,0.4812
2006-04,2006,4,Southern_Hemisphere,0.494,1951-1980,,0,0.4873
2006-05,2006,5,Southern_Hemisphere,0.533,1951-1980,,0,0.4888
2006-06,2006,6,Southern_Hemisphere,0.53,1951-1980,,0,0.4954
2006-07,2006,7,Southern_Hemisphere,0.462,1951-1980,,0,0.4962
2006-08,2006,8,Southern_Hemisphere,0.539,1951-1980,,0,0.504
2006-09,2006,9,Southern_Hemisphere,0.413,1951-1980,,0,0.5012
2006-10,2006,10,Southern_Hemisphere,0.485,1951-1980,,0,0.4968
2006-11,2006,11,Southern_Hemisphere,0.399,1951-1980,,0,0.4832
2006-12,2006,12,Southern_Hemisphere,0.479,1951-1980,,0,0.4876
2007-01,2007,1,Southern_Hemisphere,0.464,1951-1980,,0,0.4916
2007-02,2007,2,Southern_Hemisphere,0.441,1951-1980,,0,0.4853
2007-03,2007,3,Southern_Hemisphere,0.483,1951-1980,,0,0.4768
2007-04,2007,4,Southern_Hemisphere,0.523,1951-1980,,0,0.4792
2007-05,2007,5,Southern_Hemisphere,0.554,1951-1980,,0,0.481
2007-06,2007,6,Southern_Hemisphere,0.483,1951-1980,,0,0.4771
2007-07,2007,7,Southern_Hemisphere,0.579,1951-1980,,0,0.4868
2007-08,2007,8,Southern_Hemisphere,0.443,1951-1980,,0,0.4788
2007-09,2007,9,Southern_Hemisphere,0.456,1951-1980,,0,0.4824
2007-10,2007,10,Southern_Hemisphere,0.457,1951-1980,,0,0.4801
2007-11,2007,11,Southern_Hemisphere,0.479,1951-1980,,0,0.4868
2007-12,2007,12,Southern_Hemisphere,0.533,1951-1980,,0,0.4912
2008-01,2008,1,Southern_Hemisphere,0.497,1951-1980,,0,0.494
2008-02,2008,2,Southern_Hemisphere,0.522,1951-1980,,0,0.5007
2008-03,2008,3,Southern_Hemisphere,0.432,1951-1980,,0,0.4965
2008-04,2008,4,Southern_Hemisphere,0.43,1951-1980,,0,0.4888
2008-05,2008,5,Southern_Hemisphere,0.495,1951-1980,,0,0.4838
2008-06,2008,6,Southern_Hemisphere,0.49,1951-1980,,0,0.4844
2008-07,2008,7,Southern_Hemisphere,0.443,1951-1980,,0,0.4731
2008-08,2008,8,Southern_Hemisphere,0.416,1951-1980,,0,0.4708
2008-09,2008,9,Southern_Hemisphere,0.406,1951-1980,,0,0.4667
2008-10,2008,10,Southern_Hemisphere,0.378,1951-1980,,0,0.4601
2008-11,2008,11,Southern_Hemisphere,0.401,1951-1980,,0,0.4536
2008-12,2008,12,Southern_Hemisphere,0.419,1951-1980,,0,0.4441
2009-01,2009,1,Southern_Hemisphere,0.392,1951-1980,,0,0.4353
2009-02,2009,2,Southern_Hemisphere,0.399,1951-1980,,0,0.4251
2009-03,2009,3,Southern_Hemisphere,0.396,1951-1980,,0,0.4221
2009-04,2009,4,Southern_Hemisphere,0.357,1951-1980,,0,0.416
2009-05,2009,5,Southern_Hemisphere,0.437,1951-1980,,0,0.4112
2009-06,2009,6,Southern_Hemisphere,0.467,1951-1980,,0,0.4092
2009-07,2009,7,Southern_Hemisphere,0.487,1951-1980,,0,0.4129
2009-08,2009,8,Southern_Hemisphere,0.456,1951-1980,,0,0.4162
2009-09,2009,9,Southern_Hemisphere,0.512,1951-1980,,0,0.4251
2009-10,2009,10,Southern_Hemisphere,0.617,1951-1980,,0,0.445
2009-11,2009,11,Southern_Hemisphere,0.56,1951-1980,,0,0.4583
2009-12,2009,12,Southern_Hemisphere,0.554,1951-1980,,0,0.4695
2010-01,2010,1,Southern_Hemisphere,0.575,1951-1980,,0,0.4848
2010-02,2010,2,Southern_Hemisphere,0.564,1951-1980,,0,0.4985
2010-03,2010,3,Southern_Hemisphere,0.612,1951-1980,,0,0.5165
2010-04,2010,4,Southern_Hemisphere,0.576,1951-1980,,0,0.5347
2010-05,2010,5,Southern_Hemisphere,0.547,1951-1980,,0,0.5439
2010-06,2010,6,Southern_Hemisphere,0.524,1951-1980,,0,0.5487
2010-07,2010,7,Southern_Hemisphere,0.526,1951-1980,,0,0.5519
2010-08,2010,8,Southern_Hemisphere,0.395,1951-1980,,0,0.5468
2010-09,2010,9,Southern_Hemisphere,0.446,1951-1980,,0,0.5413
2010-10,2010,10,Southern_Hemisphere,0.419,1951-1980,,0,0.5248
2010-11,2010,11,Southern_Hemisphere,0.435,1951-1980,,0,0.5144
2010-12,2010,12,Southern_Hemisphere,0.421,1951-1980,,0,0.5033
2011-01,2011,1,Southern_Hemisphere,0.462,1951-1980,,0,0.4939
2011-02,2011,2,Southern_Hemisphere,0.424,1951-1980,,0,0.4822
2011-03,2011,3,Southern_Hemisphere,0.454,1951-1980,,0,0.4691
2011-04,2011,4,Southern_Hemisphere,0.565,1951-1980,,0,0.4682
2011-05,2011,5,Southern_Hemisphere,0.369,1951-1980,,0,0.4533
2011-06,2011,6,Southern_Hemisphere,0.42,1951-1980,,0,0.4447
2011-07,2011,7,Southern_Hemisphere,0.377,1951-1980,,0,0.4322
2011-08,2011,8,Southern_Hemisphere,0.414,1951-1980,,0,0.4338
2011-09,2011,9,Southern_Hemisphere,0.317,1951-1980,,0,0.4231
2011-10,2011,10,Southern_Hemisphere,0.377,1951-1980,,0,0.4196
2011-11,2011,11,Southern_Hemisphere,0.345,1951-1980,,0,0.4121
2011-12,2011,12,Southern_Hemisphere,0.414,1951-1980,,0,0.4115
2012-01,2012,1,Southern_Hemisphere,0.413,1951-1980,,0,0.4074
2012-02,2012,2,Southern_Hemisphere,0.304,1951-1980,,0,0.3974
2012-03,2012,3,Southern_Hemisphere,0.32,1951-1980,,0,0.3862
2012-04,2012,4,Southern_Hemisphere,0.456,1951-1980,,0,0.3772
2012-05,2012,5,Southern_Hemisphere,0.393,1951-1980,,0,0.3792
2012-06,2012,6,Southern_Hemisphere,0.324,1951-1980,,0,0.3712
2012-07,2012,7,Southern_Hemisphere,0.487,1951-1980,,0,0.3803
2012-08,2012,8,Southern_Hemisphere,0.529,1951-1980,,0,0.3899
2012-09,2012,9,Southern_Hemisphere,0.503,1951-1980,,0,0.4054
2012-10,2012,10,Southern_Hemisphere,0.446,1951-1980,,0,0.4112
2012-11,2012,11,Southern_Hemisphere,0.449,1951-1980,,0,0.4198
2012-12,2012,12,Southern_Hemisphere,0.482,1951-1980,,0,0.4255
2013-01,2013,1,Southern_Hemisphere,0.53,1951-1980,,0,0.4353
2013-02,2013,2,Southern_Hemisphere,0.524,1951-1980,,0,0.4536
2013-03,2013,3,Southern_Hemisphere,0.503,1951-1980,,0,0.4688
2013-04,2013,4,Southern_Hemisphere,0.448,1951-1980,,0,0.4682
2013-05,2013,5,Southern_Hemisphere,0.522,1951-1980,,0,0.4789
2013-06,2013,6,Southern_Hemisphere,0.505,1951-1980,,0,0.494
2013-07,2013,7,Southern_Hemisphere,0.424,1951-1980,,0,0.4888
2013-08,2013,8,Southern_Hemisphere,0.418,1951-1980,,0,0.4795
2013-09,2013,9,Southern_Hemisphere,0.491,1951-1980,,0,0.4785
2013-10,2013,10,Southern_Hemisphere,0.552,1951-1980,,0,0.4873
2013-11,2013,11,Southern_Hemisphere,0.477,1951-1980,,0,0.4897
2013-12,2013,12,Southern_Hemisphere,0.429,1951-1980,,0,0.4852
2014-01,2014,1,Southern_Hemisphere,0.57,1951-1980,,0,0.4886
2014-02,2014,2,Southern_Hemisphere,0.527,1951-1980,,0,0.4888
2014-03,2014,3,Southern_Hemisphere,0.504,1951-1980,,0,0.4889
2014-04,2014,4,Southern_Hemisphere,0.514,1951-1980,,0,0.4944
2014-05,2014,5,Southern_Hemisphere,0.579,1951-1980,,0,0.4992
2014-06,2014,6,Southern_Hemisphere,0.529,1951-1980,,0,0.5012
2014-07,2014,7,Southern_Hemisphere,0.6,1951-1980,,0,0.5158
2014-08,2014,8,Southern_Hemisphere,0.604,1951-1980,,0,0.5313
2014-09,2014,9,Southern_Hemisphere,0.559,1951-1980,,0,0.537
2014-10,2014,10,Southern_Hemisphere,0.582,1951-1980,,0,0.5395
2014-11,2014,11,Southern_Hemisphere,0.508,1951-1980,,0,0.5421
2014-12,2014,12,Southern_Hemisphere,0.479,1951-1980,,0,0.5462
2015-01,2015,1,Southern_Hemisphere,0.593,1951-1980,,0,0.5482
2015-02,2015,2,Southern_Hemisphere,0.632,1951-1980,,0,0.5569
2015-03,2015,3,Southern_Hemisphere,0.567,1951-1980,,0,0.5622
2015-04,2015,4,Southern_Hemisphere,0.59,1951-1980,,0,0.5685
2015-05,2015,5,Southern_Hemisphere,0.58,1951-1980,,0,0.5686
2015-06,2015,6,Southern_Hemisphere,0.685,1951-1980,,0,0.5816
2015-07,2015,7,Southern_Hemisphere,0.62,1951-1980,,0,0.5832
2015-08,2015,8,Southern_Hemisphere,0.81,1951-1980,,0,0.6004
2015-09,2015,9,Southern_Hemisphere,0.819,1951-1980,,0,0.6221
2015-10,2015,10,Southern_Hemisphere,0.782,1951-1980,,0,0.6388
2015-11,2015,11,Southern_Hemisphere,0.818,1951-1980,,0,0.6646
2015-12,2015,12,Southern_Hemisphere,0.914,1951-1980,,0,0.7008
2016-01,2016,1,Southern_Hemisphere,0.782,1951-1980,,0,0.7166
2016-02,2016,2,Southern_Hemisphere,0.922,1951-1980,,0,0.7407
2016-03,2016,3,Southern_Hemisphere,0.872,1951-1980,,0,0.7662
2016-04,2016,4,Southern_Hemisphere,0.871,1951-1980,,0,0.7896
2016-05,2016,5,Southern_Hemisphere,0.867,1951-1980,,0,0.8135
2016-06,2016,6,Southern_Hemisphere,0.818,1951-1980,,0,0.8246
2016-07,2016,7,Southern_Hemisphere,0.754,1951-1980,,0,0.8358
2016-08,2016,8,Southern_Hemisphere,0.663,1951-1980,,0,0.8235
2016-09,2016,9,Southern_Hemisphere,0.739,1951-1980,,0,0.8168
2016-10,2016,10,Southern_Hemisphere,0.657,1951-1980,,0,0.8064
2016-11,2016,11,Southern_Hemisphere,0.77,1951-1980,,0,0.8024
2016-12,2016,12,Southern_Hemisphere,0.733,1951-1980,,0,0.7873
2017-01,2017,1,Southern_Hemisphere,0.795,1951-1980,,0,0.7884
2017-02,2017,2,Southern_Hemisphere,0.702,1951-1980,,0,0.7701
2017-03,2017,3,Southern_Hemisphere,0.796,1951-1980,,0,0.7638
2017-04,2017,4,Southern_Hemisphere,0.801,1951-1980,,0,0.7579
2017-05,2017,5,Southern_Hemisphere,0.749,1951-1980,,0,0.7481
2017-06,2017,6,Southern_Hemisphere,0.736,1951-1980,,0,0.7412
2017-07,2017,7,Southern_Hemisphere,0.719,1951-1980,,0,0.7383
2017-08,2017,8,Southern_Hemisphere,0.778,1951-1980,,0,0.7479
2017-09,2017,9,Southern_Hemisphere,0.615,1951-1980,,0,0.7376
2017-10,2017,10,Southern_Hemisphere,0.637,1951-1980,,0,0.7359
2017-11,2017,11,Southern_Hemisphere,0.614,1951-1980,,0,0.7229
2017-12,2017,12,Southern_Hemisphere,0.663,1951-1980,,0,0.7171
2018-01,2018,1,Southern_Hemisphere,0.633,1951-1980,,0,0.7036
2018-02,2018,2,Southern_Hemisphere,0.737,1951-1980,,0,0.7065
2018-03,2018,3,Southern_Hemisphere,0.752,1951-1980,,0,0.7028
2018-04,2018,4,Southern_Hemisphere,0.713,1951-1980,,0,0.6955
2018-05,2018,5,Southern_Hemisphere,0.701,1951-1980,,0,0.6915
2018-06,2018,6,Southern_Hemisphere,0.668,1951-1980,,0,0.6858
2018-07,2018,7,Southern_Hemisphere,0.683,1951-1980,,0,0.6828
2018-08,2018,8,Southern_Hemisphere,0.621,1951-1980,,0,0.6698
2018-09,2018,9,Southern_Hemisphere,0.631,1951-1980,,0,0.6711
2018-10,2018,10,Southern_Hemisphere,0.56,1951-1980,,0,0.6647
2018-11,2018,11,Southern_Hemisphere,0.589,1951-1980,,0,0.6626
2018-12,2018,12,Southern_Hemisphere,0.637,1951-1980,,0,0.6604
2019-01,2019,1,Southern_Hemisphere,0.671,1951-1980,,0,0.6636
2019-02,2019,2,Southern_Hemisphere,0.684,1951-1980,,0,0.6592
2019-03,2019,3,Southern_Hemisphere,0.63,1951-1980,,0,0.649
2019-04,2019,4,Southern_Hemisphere,0.66,1951-1980,,0,0.6446
2019-05,2019,5,Southern_Hemisphere,0.713,1951-1980,,0,0.6456
2019-06,2019,6,Southern_Hemisphere,0.699,1951-1980,,0,0.6482
2019-07,2019,7,Southern_Hemisphere,0.683,1951-1980,,0,0.6482
2019-08,2019,8,Southern_Hemisphere,0.729,1951-1980,,0,0.6572
2019-09,2019,9,Southern_Hemisphere,0.656,1951-1980,,0,0.6592
2019-10,2019,10,Southern_Hemisphere,0.732,1951-1980,,0,0.6736
2019-11,2019,11,Southern_Hemisphere,0.756,1951-1980,,0,0.6875
2019-12,2019,12,Southern_Hemisphere,0.686,1951-1980,,0,0.6916
2020-01,2020,1,Southern_Hemisphere,0.734,1951-1980,,0,0.6968
2020-02,2020,2,Southern_Hemisphere,0.703,1951-1980,,0,0.6984
2020-03,2020,3,Southern_Hemisphere,0.708,1951-1980,,0,0.7049
2020-04,2020,4,Southern_Hemisphere,0.79,1951-1980,,0,0.7157
2020-05,2020,5,Southern_Hemisphere,0.819,1951-1980,,0,0.7246
2020-06,2020,6,Southern_Hemisphere,0.792,1951-1980,,0,0.7323
2020-07,2020,7,Southern_Hemisphere,0.719,1951-1980,,0,0.7353
2020-08,2020,8,Southern_Hemisphere,0.62,1951-1980,,0,0.7262
2020-09,2020,9,Southern_Hemisphere,0.613,1951-1980,,0,0.7227
2020-10,2020,10,Southern_Hemisphere,0.651,1951-1980,,0,0.7159
2020-11,2020,11,Southern_Hemisphere,0.632,1951-1980,,0,0.7056
2020-12,2020,12,Southern_Hemisphere,0.601,1951-1980,,0,0.6985
2021-01,2021,1,Southern_Hemisphere,0.626,1951-1980,,0,0.6895
2021-02,2021,2,Southern_Hemisphere,0.676,1951-1980,,0,0.6872
2021-03,2021,3,Southern_Hemisphere,0.642,1951-1980,,0,0.6818
2021-04,2021,4,Southern_Hemisphere,0.61,1951-1980,,0,0.6667
2021-05,2021,5,Southern_Hemisphere,0.598,1951-1980,,0,0.6483
2021-06,2021,6,Southern_Hemisphere,0.583,1951-1980,,0,0.6309
2021-07,2021,7,Southern_Hemisphere,0.549,1951-1980,,0,0.6168
2021-08,2021,8,Southern_Hemisphere,0.554,1951-1980,,0,0.6112
2021-09,2021,9,Southern_Hemisphere,0.506,1951-1980,,0,0.6023
2021-10,2021,10,Southern_Hemisphere,0.482,1951-1980,,0,0.5882
2021-11,2021,11,Southern_Hemisphere,0.449,1951-1980,,0,0.573
2021-12,2021,12,Southern_Hemisphere,0.523,1951-1980,,0,0.5665
2022-01,2022,1,Southern_Hemisphere,0.587,1951-1980,,0,0.5632
2022-02,2022,2,Southern_Hemisphere,0.561,1951-1980,,0,0.5537
2022-03,2022,3,Southern_Hemisphere,0.544,1951-1980,,0,0.5455
2022-04,2022,4,Southern_Hemisphere,0.552,1951-1980,,0,0.5407
2022-05,2022,5,Southern_Hemisphere,0.57,1951-1980,,0,0.5383
2022-06,2022,6,Southern_Hemisphere,0.576,1951-1980,,0,0.5378
2022-07,2022,7,Southern_Hemisphere,0.597,1951-1980,,0,0.5418
2022-08,2022,8,Southern_Hemisphere,0.544,1951-1980,,0,0.5409
2022-09,2022,9,Southern_Hemisphere,0.525,1951-1980,,0,0.5425
2022-10,2022,10,Southern_Hemisphere,0.578,1951-1980,,0,0.5505
2022-11,2022,11,Southern_Hemisphere,0.555,1951-1980,,0,0.5593
2022-12,2022,12,Southern_Hemisphere,0.536,1951-1980,,0,0.5604
2023-01,2023,1,Southern_Hemisphere,0.628,1951-1980,,0,0.5638
2023-02,2023,2,Southern_Hemisphere,0.657,1951-1980,,0,0.5718
2023-03,2023,3,Southern_Hemisphere,0.76,1951-1980,,0,0.5898
2023-04,2023,4,Southern_Hemisphere,0.769,1951-1980,,0,0.6079
2023-05,2023,5,Southern_Hemisphere,0.839,1951-1980,,0,0.6303
2023-06,2023,6,Southern_Hemisphere,0.73,1951-1980,,0,0.6432
2023-07,2023,7,Southern_Hemisphere,0.778,1951-1980,,0,0.6582
2023-08,2023,8,Southern_Hemisphere,0.977,1951-1980,,0,0.6943
2023-09,2023,9,Southern_Hemisphere,1.028,1951-1980,,0,0.7363
2023-10,2023,10,Southern_Hemisphere,0.879,1951-1980,,0,0.7613
2023-11,2023,11,Southern_Hemisphere,1.029,1951-1980,,0,0.8008
2023-12,2023,12,Southern_Hemisphere,1.095,1951-1980,,0,0.8474
2024-01,2024,1,Southern_Hemisphere,1.042,1951-1980,,0,0.8819
2024-02,2024,2,Southern_Hemisphere,1.011,1951-1980,,0,0.9114
2024-03,2024,3,Southern_Hemisphere,1.093,1951-1980,,0,0.9392
2024-04,2024,4,Southern_Hemisphere,1.128,1951-1980,,0,0.9691
2024-05,2024,5,Southern_Hemisphere,1.072,1951-1980,,0,0.9885
2024-06,2024,6,Southern_Hemisphere,1.104,1951-1980,,0,1.0197
2024-07,2024,7,Southern_Hemisphere,0.943,1951-1980,,0,1.0334
2024-08,2024,8,Southern_Hemisphere,0.91,1951-1980,,0,1.0278
2024-09,2024,9,Southern_Hemisphere,0.918,1951-1980,,0,1.0187
2024-10,2024,10,Southern_Hemisphere,0.887,1951-1980,,0,1.0193
2024-11,2024,11,Southern_Hemisphere,0.926,1951-1980,,0,1.0108
2024-12,2024,12,Southern_Hemisphere,0.881,1951-1980,,0,0.9929
2025-01,2025,1,Southern_Hemisphere,1.035,1951-1980,,0,0.9923
2025-02,2025,2,Southern_Hemisphere,1.021,1951-1980,,0,0.9932
2025-03,2025,3,Southern_Hemisphere,1.014,1951-1980,,0,0.9866
2025-04,2025,4,Southern_Hemisphere,0.956,1951-1980,,0,0.9722
2025-05,2025,5,Southern_Hemisphere,0.911,1951-1980,,0,0.9588
2025-06,2025,6,Southern_Hemisphere,0.957,1951-1980,,0,0.9466
2025-07,2025,7,Southern_Hemisphere,0.935,1951-1980,,0,0.9459
2025-08,2025,8,Southern_Hemisphere,0.931,1951-1980,,0,0.9477
2025-09,2025,9,Southern_Hemisphere,0.893,1951-1980,,0,0.9456
2025-10,2025,10,Southern_Hemisphere,0.948,1951-1980,,0,0.9507
2025-11,2025,11,Southern_Hemisphere,0.885,1951-1980,,0,0.9472
2025-12,2025,12,Southern_Hemisphere,0.837,1951-1980,,0,0.9436
2026-01,2026,1,Southern_Hemisphere,0.913,1951-1980,,0,0.9334
2026-02,2026,2,Southern_Hemisphere,0.931,1951-1980,,0,0.9259
2026-03,2026,3,Southern_Hemisphere,0.968,1951-1980,,0,0.9221
2026-04,2026,4,Southern_Hemisphere,0.956,1951-1980,,0,0.9221
2000-01,2000,1,Tropics,0.272,1951-1980,,0,0.272
2000-02,2000,2,Tropics,0.27,1951-1980,,0,0.271
2000-03,2000,3,Tropics,0.327,1951-1980,,0,0.2897
2000-04,2000,4,Tropics,0.293,1951-1980,,0,0.2905
2000-05,2000,5,Tropics,0.268,1951-1980,,0,0.286
2000-06,2000,6,Tropics,0.321,1951-1980,,0,0.2918
2000-07,2000,7,Tropics,0.258,1951-1980,,0,0.287
2000-08,2000,8,Tropics,0.248,1951-1980,,0,0.2821
2000-09,2000,9,Tropics,0.298,1951-1980,,0,0.2839
2000-10,2000,10,Tropics,0.219,1951-1980,,0,0.2774
2000-11,2000,11,Tropics,0.286,1951-1980,,0,0.2782
2000-12,2000,12,Tropics,0.321,1951-1980,,0,0.2818
2001-01,2001,1,Tropics,0.331,1951-1980,,0,0.2867
2001-02,2001,2,Tropics,0.352,1951-1980,,0,0.2935
2001-03,2001,3,Tropics,0.354,1951-1980,,0,0.2958
2001-04,2001,4,Tropics,0.464,1951-1980,,0,0.31
2001-05,2001,5,Tropics,0.368,1951-1980,,0,0.3183
2001-06,2001,6,Tropics,0.365,1951-1980,,0,0.322
2001-07,2001,7,Tropics,0.351,1951-1980,,0,0.3298
2001-08,2001,8,Tropics,0.403,1951-1980,,0,0.3427
2001-09,2001,9,Tropics,0.282,1951-1980,,0,0.3413
2001-10,2001,10,Tropics,0.395,1951-1980,,0,0.356
2001-11,2001,11,Tropics,0.33,1951-1980,,0,0.3597
2001-12,2001,12,Tropics,0.339,1951-1980,,0,0.3612
2002-01,2002,1,Tropics,0.342,1951-1980,,0,0.3621
2002-02,2002,2,Tropics,0.296,1951-1980,,0,0.3574
2002-03,2002,3,Tropics,0.351,1951-1980,,0,0.3572
2002-04,2002,4,Tropics,0.385,1951-1980,,0,0.3506
2002-05,2002,5,Tropics,0.437,1951-1980,,0,0.3563
2002-06,2002,6,Tropics,0.379,1951-1980,,0,0.3575
2002-07,2002,7,Tropics,0.35,1951-1980,,0,0.3574
2002-08,2002,8,Tropics,0.339,1951-1980,,0,0.3521
2002-09,2002,9,Tropics,0.416,1951-1980,,0,0.3632
2002-10,2002,10,Tropics,0.434,1951-1980,,0,0.3665
2002-11,2002,11,Tropics,0.474,1951-1980,,0,0.3785
2002-12,2002,12,Tropics,0.495,1951-1980,,0,0.3915
2003-01,2003,1,Tropics,0.511,1951-1980,,0,0.4056
2003-02,2003,2,Tropics,0.513,1951-1980,,0,0.4237
2003-03,2003,3,Tropics,0.527,1951-1980,,0,0.4383
2003-04,2003,4,Tropics,0.485,1951-1980,,0,0.4467
2003-05,2003,5,Tropics,0.504,1951-1980,,0,0.4522
2003-06,2003,6,Tropics,0.486,1951-1980,,0,0.4612
2003-07,2003,7,Tropics,0.432,1951-1980,,0,0.468
2003-08,2003,8,Tropics,0.296,1951-1980,,0,0.4644
2003-09,2003,9,Tropics,0.339,1951-1980,,0,0.458
2003-10,2003,10,Tropics,0.332,1951-1980,,0,0.4495
2003-11,2003,11,Tropics,0.384,1951-1980,,0,0.442
2003-12,2003,12,Tropics,0.436,1951-1980,,0,0.4371
2004-01,2004,1,Tropics,0.349,1951-1980,,0,0.4236
2004-02,2004,2,Tropics,0.419,1951-1980,,0,0.4158
2004-03,2004,3,Tropics,0.39,1951-1980,,0,0.4043
2004-04,2004,4,Tropics,0.327,1951-1980,,0,0.3912
2004-05,2004,5,Tropics,0.471,1951-1980,,0,0.3884
2004-06,2004,6,Tropics,0.397,1951-1980,,0,0.381
2004-07,2004,7,Tropics,0.399,1951-1980,,0,0.3782
2004-08,2004,8,Tropics,0.256,1951-1980,,0,0.3749
2004-09,2004,9,Tropics,0.32,1951-1980,,0,0.3733
2004-10,2004,10,Tropics,0.326,1951-1980,,0,0.3728
2004-11,2004,11,Tropics,0.291,1951-1980,,0,0.3651
2004-12,2004,12,Tropics,0.36,1951-1980,,0,0.3587
2005-01,2005,1,Tropics,0.396,1951-1980,,0,0.3627
2005-02,2005,2,Tropics,0.393,1951-1980,,0,0.3605
2005-03,2005,3,Tropics,0.39,1951-1980,,0,0.3605
2005-04,2005,4,Tropics,0.405,1951-1980,,0,0.367
2005-05,2005,5,Tropics,0.389,1951-1980,,0,0.3602
2005-06,2005,6,Tropics,0.371,1951-1980,,0,0.358
2005-07,2005,7,Tropics,0.382,1951-1980,,0,0.3566
2005-08,2005,8,Tropics,0.416,1951-1980,,0,0.3699
2005-09,2005,9,Tropics,0.47,1951-1980,,0,0.3824
2005-10,2005,10,Tropics,0.366,1951-1980,,0,0.3858
2005-11,2005,11,Tropics,0.413,1951-1980,,0,0.3959
2005-12,2005,12,Tropics,0.439,1951-1980,,0,0.4025
2006-01,2006,1,Tropics,0.398,1951-1980,,0,0.4027
2006-02,2006,2,Tropics,0.421,1951-1980,,0,0.405
2006-03,2006,3,Tropics,0.446,1951-1980,,0,0.4097
2006-04,2006,4,Tropics,0.547,1951-1980,,0,0.4215
2006-05,2006,5,Tropics,0.414,1951-1980,,0,0.4236
2006-06,2006,6,Tropics,0.49,1951-1980,,0,0.4335
2006-07,2006,7,Tropics,0.457,1951-1980,,0,0.4398
2006-08,2006,8,Tropics,0.398,1951-1980,,0,0.4382
2006-09,2006,9,Tropics,0.482,1951-1980,,0,0.4392
2006-10,2006,10,Tropics,0.386,1951-1980,,0,0.4409
2006-11,2006,11,Tropics,0.365,1951-1980,,0,0.4369
2006-12,2006,12,Tropics,0.418,1951-1980,,0,0.4352
2007-01,2007,1,Tropics,0.359,1951-1980,,0,0.4319
2007-02,2007,2,Tropics,0.473,1951-1980,,0,0.4362
2007-03,2007,3,Tropics,0.362,1951-1980,,0,0.4293
2007-04,2007,4,Tropics,0.483,1951-1980,,0,0.4239
2007-05,2007,5,Tropics,0.524,1951-1980,,0,0.4331
2007-06,2007,6,Tropics,0.394,1951-1980,,0,0.4251
2007-07,2007,7,Tropics,0.409,1951-1980,,0,0.4211
2007-08,2007,8,Tropics,0.452,1951-1980,,0,0.4256
2007-09,2007,9,Tropics,0.425,1951-1980,,0,0.4208
2007-10,2007,10,Tropics,0.419,1951-1980,,0,0.4236
2007-11,2007,11,Tropics,0.446,1951-1980,,0,0.4303
2007-12,2007,12,Tropics,0.334,1951-1980,,0,0.4233
2008-01,2008,1,Tropics,0.477,1951-1980,,0,0.4332
2008-02,2008,2,Tropics,0.41,1951-1980,,0,0.4279
2008-03,2008,3,Tropics,0.428,1951-1980,,0,0.4334
2008-04,2008,4,Tropics,0.416,1951-1980,,0,0.4278
2008-05,2008,5,Tropics,0.405,1951-1980,,0,0.4179
2008-06,2008,6,Tropics,0.408,1951-1980,,0,0.4191
2008-07,2008,7,Tropics,0.325,1951-1980,,0,0.4121
2008-08,2008,8,Tropics,0.383,1951-1980,,0,0.4063
2008-09,2008,9,Tropics,0.358,1951-1980,,0,0.4008
2008-10,2008,10,Tropics,0.338,1951-1980,,0,0.394
2008-11,2008,11,Tropics,0.35,1951-1980,,0,0.386
2008-12,2008,12,Tropics,0.383,1951-1980,,0,0.3901
2009-01,2009,1,Tropics,0.303,1951-1980,,0,0.3756
2009-02,2009,2,Tropics,0.348,1951-1980,,0,0.3704
2009-03,2009,3,Tropics,0.351,1951-1980,,0,0.364
2009-04,2009,4,Tropics,0.424,1951-1980,,0,0.3647
2009-05,2009,5,Tropics,0.399,1951-1980,,0,0.3642
2009-06,2009,6,Tropics,0.426,1951-1980,,0,0.3657
2009-07,2009,7,Tropics,0.352,1951-1980,,0,0.3679
2009-08,2009,8,Tropics,0.378,1951-1980,,0,0.3675
2009-09,2009,9,Tropics,0.404,1951-1980,,0,0.3713
2009-10,2009,10,Tropics,0.525,1951-1980,,0,0.3869
2009-11,2009,11,Tropics,0.443,1951-1980,,0,0.3947
2009-12,2009,12,Tropics,0.541,1951-1980,,0,0.4078
2010-01,2010,1,Tropics,0.567,1951-1980,,0,0.4298
2010-02,2010,2,Tropics,0.53,1951-1980,,0,0.445
2010-03,2010,3,Tropics,0.563,1951-1980,,0,0.4627
2010-04,2010,4,Tropics,0.486,1951-1980,,0,0.4678
2010-05,2010,5,Tropics,0.472,1951-1980,,0,0.4739
2010-06,2010,6,Tropics,0.506,1951-1980,,0,0.4806
2010-07,2010,7,Tropics,0.398,1951-1980,,0,0.4844
2010-08,2010,8,Tropics,0.402,1951-1980,,0,0.4864
2010-09,2010,9,Tropics,0.341,1951-1980,,0,0.4812
2010-10,2010,10,Tropics,0.282,1951-1980,,0,0.4609
2010-11,2010,11,Tropics,0.342,1951-1980,,0,0.4525
2010-12,2010,12,Tropics,0.367,1951-1980,,0,0.438
2011-01,2011,1,Tropics,0.404,1951-1980,,0,0.4244
2011-02,2011,2,Tropics,0.396,1951-1980,,0,0.4132
2011-03,2011,3,Tropics,0.354,1951-1980,,0,0.3958
2011-04,2011,4,Tropics,0.355,1951-1980,,0,0.3849
2011-05,2011,5,Tropics,0.306,1951-1980,,0,0.3711
2011-06,2011,6,Tropics,0.341,1951-1980,,0,0.3573
2011-07,2011,7,Tropics,0.347,1951-1980,,0,0.3531
2011-08,2011,8,Tropics,0.279,1951-1980,,0,0.3428
2011-09,2011,9,Tropics,0.315,1951-1980,,0,0.3407
2011-10,2011,10,Tropics,0.328,1951-1980,,0,0.3445
2011-11,2011,11,Tropics,0.354,1951-1980,,0,0.3455
2011-12,2011,12,Tropics,0.409,1951-1980,,0,0.349
2012-01,2012,1,Tropics,0.373,1951-1980,,0,0.3464
2012-02,2012,2,Tropics,0.338,1951-1980,,0,0.3416
2012-03,2012,3,Tropics,0.373,1951-1980,,0,0.3432
2012-04,2012,4,Tropics,0.408,1951-1980,,0,0.3476
2012-05,2012,5,Tropics,0.365,1951-1980,,0,0.3525
2012-06,2012,6,Tropics,0.273,1951-1980,,0,0.3468
2012-07,2012,7,Tropics,0.317,1951-1980,,0,0.3443
2012-08,2012,8,Tropics,0.408,1951-1980,,0,0.3551
2012-09,2012,9,Tropics,0.402,1951-1980,,0,0.3623
2012-10,2012,10,Tropics,0.438,1951-1980,,0,0.3715
2012-11,2012,11,Tropics,0.416,1951-1980,,0,0.3767
2012-12,2012,12,Tropics,0.468,1951-1980,,0,0.3816
2013-01,2013,1,Tropics,0.473,1951-1980,,0,0.3899
2013-02,2013,2,Tropics,0.427,1951-1980,,0,0.3973
2013-03,2013,3,Tropics,0.41,1951-1980,,0,0.4004
2013-04,2013,4,Tropics,0.432,1951-1980,,0,0.4024
2013-05,2013,5,Tropics,0.376,1951-1980,,0,0.4033
2013-06,2013,6,Tropics,0.461,1951-1980,,0,0.419
2013-07,2013,7,Tropics,0.412,1951-1980,,0,0.4269
2013-08,2013,8,Tropics,0.425,1951-1980,,0,0.4283
2013-09,2013,9,Tropics,0.418,1951-1980,,0,0.4297
2013-10,2013,10,Tropics,0.43,1951-1980,,0,0.429
2013-11,2013,11,Tropics,0.406,1951-1980,,0,0.4282
2013-12,2013,12,Tropics,0.481,1951-1980,,0,0.4292
2014-01,2014,1,Tropics,0.466,1951-1980,,0,0.4287
2014-02,2014,2,Tropics,0.457,1951-1980,,0,0.4312
2014-03,2014,3,Tropics,0.544,1951-1980,,0,0.4423
2014-04,2014,4,Tropics,0.518,1951-1980,,0,0.4495
2014-05,2014,5,Tropics,0.45,1951-1980,,0,0.4557
2014-06,2014,6,Tropics,0.497,1951-1980,,0,0.4587
2014-07,2014,7,Tropics,0.437,1951-1980,,0,0.4608
2014-08,2014,8,Tropics,0.473,1951-1980,,0,0.4648
2014-09,2014,9,Tropics,0.459,1951-1980,,0,0.4682
2014-10,2014,10,Tropics,0.453,1951-1980,,0,0.4701
2014-11,2014,11,Tropics,0.464,1951-1980,,0,0.4749
2014-12,2014,12,Tropics,0.435,1951-1980,,0,0.4711
2015-01,2015,1,Tropics,0.48,1951-1980,,0,0.4722
2015-02,2015,2,Tropics,0.498,1951-1980,,0,0.4757
2015-03,2015,3,Tropics,0.5,1951-1980,,0,0.472
2015-04,2015,4,Tropics,0.469,1951-1980,,0,0.4679
2015-05,2015,5,Tropics,0.533,1951-1980,,0,0.4748
2015-06,2015,6,Tropics,0.627,1951-1980,,0,0.4857
2015-07,2015,7,Tropics,0.491,1951-1980,,0,0.4902
2015-08,2015,8,Tropics,0.742,1951-1980,,0,0.5126
2015-09,2015,9,Tropics,0.668,1951-1980,,0,0.53
2015-10,2015,10,Tropics,0.65,1951-1980,,0,0.5464
2015-11,2015,11,Tropics,0.745,1951-1980,,0,0.5698
2015-12,2015,12,Tropics,0.713,1951-1980,,0,0.593
2016-01,2016,1,Tropics,0.722,1951-1980,,0,0.6132
2016-02,2016,2,Tropics,0.81,1951-1980,,0,0.6392
2016-03,2016,3,Tropics,0.835,1951-1980,,0,0.6671
2016-04,2016,4,Tropics,0.75,1951-1980,,0,0.6905
2016-05,2016,5,Tropics,0.766,1951-1980,,0,0.7099
2016-06,2016,6,Tropics,0.779,1951-1980,,0,0.7226
2016-07,2016,7,Tropics,0.661,1951-1980,,0,0.7367
2016-08,2016,8,Tropics,0.626,1951-1980,,0,0.7271
2016-09,2016,9,Tropics,0.662,1951-1980,,0,0.7266
2016-10,2016,10,Tropics,0.635,1951-1980,,0,0.7253
2016-11,2016,11,Tropics,0.678,1951-1980,,0,0.7198
2016-12,2016,12,Tropics,0.621,1951-1980,,0,0.7121
2017-01,2017,1,Tropics,0.644,1951-1980,,0,0.7056
2017-02,2017,2,Tropics,0.64,1951-1980,,0,0.6914
2017-03,2017,3,Tropics,0.783,1951-1980,,0,0.6871
2017-04,2017,4,Tropics,0.593,1951-1980,,0,0.674
2017-05,2017,5,Tropics,0.64,1951-1980,,0,0.6635
2017-06,2017,6,Tropics,0.67,1951-1980,,0,0.6544
2017-07,2017,7,Tropics,0.635,1951-1980,,0,0.6522
2017-08,2017,8,Tropics,0.605,1951-1980,,0,0.6505
2017-09,2017,9,Tropics,0.611,1951-1980,,0,0.6462
2017-10,2017,10,Tropics,0.592,1951-1980,,0,0.6427
2017-11,2017,11,Tropics,0.572,1951-1980,,0,0.6338
2017-12,2017,12,Tropics,0.566,1951-1980,,0,0.6292
2018-01,2018,1,Tropics,0.614,1951-1980,,0,0.6268
2018-02,2018,2,Tropics,0.58,1951-1980,,0,0.6217
2018-03,2018,3,Tropics,0.644,1951-1980,,0,0.6102
2018-04,2018,4,Tropics,0.578,1951-1980,,0,0.6089
2018-05,2018,5,Tropics,0.535,1951-1980,,0,0.6002
2018-06,2018,6,Tropics,0.575,1951-1980,,0,0.5922
2018-07,2018,7,Tropics,0.6,1951-1980,,0,0.5893
2018-08,2018,8,Tropics,0.571,1951-1980,,0,0.5865
2018-09,2018,9,Tropics,0.619,1951-1980,,0,0.5872
2018-10,2018,10,Tropics,0.572,1951-1980,,0,0.5855
2018-11,2018,11,Tropics,0.536,1951-1980,,0,0.5825
2018-12,2018,12,Tropics,0.48,1951-1980,,0,0.5753
2019-01,2019,1,Tropics,0.55,1951-1980,,0,0.57
2019-02,2019,2,Tropics,0.6,1951-1980,,0,0.5717
2019-03,2019,3,Tropics,0.696,1951-1980,,0,0.576
2019-04,2019,4,Tropics,0.621,1951-1980,,0,0.5796
2019-05,2019,5,Tropics,0.607,1951-1980,,0,0.5856
2019-06,2019,6,Tropics,0.585,1951-1980,,0,0.5864
2019-07,2019,7,Tropics,0.594,1951-1980,,0,0.5859
2019-08,2019,8,Tropics,0.636,1951-1980,,0,0.5913
2019-09,2019,9,Tropics,0.672,1951-1980,,0,0.5958
2019-10,2019,10,Tropics,0.59,1951-1980,,0,0.5972
2019-11,2019,11,Tropics,0.61,1951-1980,,0,0.6034
2019-12,2019,12,Tropics,0.62,1951-1980,,0,0.6151
2020-01,2020,1,Tropics,0.674,1951-1980,,0,0.6254
2020-02,2020,2,Tropics,0.583,1951-1980,,0,0.624
2020-03,2020,3,Tropics,0.641,1951-1980,,0,0.6194
2020-04,2020,4,Tropics,0.611,1951-1980,,0,0.6186
2020-05,2020,5,Tropics,0.646,1951-1980,,0,0.6218
2020-06,2020,6,Tropics,0.603,1951-1980,,0,0.6233
2020-07,2020,7,Tropics,0.702,1951-1980,,0,0.6323
2020-08,2020,8,Tropics,0.597,1951-1980,,0,0.6291
2020-09,2020,9,Tropics,0.552,1951-1980,,0,0.6191
2020-10,2020,10,Tropics,0.526,1951-1980,,0,0.6138
2020-11,2020,11,Tropics,0.51,1951-1980,,0,0.6054
2020-12,2020,12,Tropics,0.518,1951-1980,,0,0.5969
2021-01,2021,1,Tropics,0.557,1951-1980,,0,0.5872
2021-02,2021,2,Tropics,0.589,1951-1980,,0,0.5877
2021-03,2021,3,Tropics,0.547,1951-1980,,0,0.5798
2021-04,2021,4,Tropics,0.529,1951-1980,,0,0.573
2021-05,2021,5,Tropics,0.521,1951-1980,,0,0.5626
2021-06,2021,6,Tropics,0.492,1951-1980,,0,0.5533
2021-07,2021,7,Tropics,0.554,1951-1980,,0,0.541
2021-08,2021,8,Tropics,0.494,1951-1980,,0,0.5324
2021-09,2021,9,Tropics,0.459,1951-1980,,0,0.5247
2021-10,2021,10,Tropics,0.45,1951-1980,,0,0.5183
2021-11,2021,11,Tropics,0.412,1951-1980,,0,0.5102
2021-12,2021,12,Tropics,0.491,1951-1980,,0,0.5079
2022-01,2022,1,Tropics,0.416,1951-1980,,0,0.4962
2022-02,2022,2,Tropics,0.442,1951-1980,,0,0.4839
2022-03,2022,3,Tropics,0.449,1951-1980,,0,0.4757
2022-04,2022,4,Tropics,0.537,1951-1980,,0,0.4764
2022-05,2022,5,Tropics,0.47,1951-1980,,0,0.4722
2022-06,2022,6,Tropics,0.477,1951-1980,,0,0.4709
2022-07,2022,7,Tropics,0.49,1951-1980,,0,0.4656
2022-08,2022,8,Tropics,0.437,1951-1980,,0,0.4608
2022-09,2022,9,Tropics,0.469,1951-1980,,0,0.4617
2022-10,2022,10,Tropics,0.394,1951-1980,,0,0.457
2022-11,2022,11,Tropics,0.416,1951-1980,,0,0.4573
2022-12,2022,12,Tropics,0.466,1951-1980,,0,0.4552
2023-01,2023,1,Tropics,0.554,1951-1980,,0,0.4668
2023-02,2023,2,Tropics,0.633,1951-1980,,0,0.4827
2023-03,2023,3,Tropics,0.616,1951-1980,,0,0.4966
2023-04,2023,4,Tropics,0.73,1951-1980,,0,0.5127
2023-05,2023,5,Tropics,0.688,1951-1980,,0,0.5308
2023-06,2023,6,Tropics,0.651,1951-1980,,0,0.5453
2023-07,2023,7,Tropics,0.642,1951-1980,,0,0.558
2023-08,2023,8,Tropics,0.833,1951-1980,,0,0.591
2023-09,2023,9,Tropics,0.85,1951-1980,,0,0.6228
2023-10,2023,10,Tropics,0.916,1951-1980,,0,0.6662
2023-11,2023,11,Tropics,0.896,1951-1980,,0,0.7062
2023-12,2023,12,Tropics,0.96,1951-1980,,0,0.7474
2024-01,2024,1,Tropics,0.834,1951-1980,,0,0.7708
2024-02,2024,2,Tropics,0.927,1951-1980,,0,0.7952
2024-03,2024,3,Tropics,0.982,1951-1980,,0,0.8257
2024-04,2024,4,Tropics,1.085,1951-1980,,0,0.8553
2024-05,2024,5,Tropics,1.052,1951-1980,,0,0.8857
2024-06,2024,6,Tropics,1.015,1951-1980,,0,0.916
2024-07,2024,7,Tropics,0.846,1951-1980,,0,0.933
2024-08,2024,8,Tropics,0.811,1951-1980,,0,0.9312
2024-09,2024,9,Tropics,0.789,1951-1980,,0,0.9261
2024-10,2024,10,Tropics,0.807,1951-1980,,0,0.917
2024-11,2024,11,Tropics,0.775,1951-1980,,0,0.9069
2024-12,2024,12,Tropics,0.851,1951-1980,,0,0.8978
2025-01,2025,1,Tropics,0.806,1951-1980,,0,0.8955
2025-02,2025,2,Tropics,0.866,1951-1980,,0,0.8904
2025-03,2025,3,Tropics,0.847,1951-1980,,0,0.8792
2025-04,2025,4,Tropics,0.78,1951-1980,,0,0.8538
2025-05,2025,5,Tropics,0.779,1951-1980,,0,0.831
2025-06,2025,6,Tropics,0.816,1951-1980,,0,0.8144
2025-07,2025,7,Tropics,0.894,1951-1980,,0,0.8184
2025-08,2025,8,Tropics,0.783,1951-1980,,0,0.8161
2025-09,2025,9,Tropics,0.796,1951-1980,,0,0.8167
2025-10,2025,10,Tropics,0.776,1951-1980,,0,0.8141
2025-11,2025,11,Tropics,0.766,1951-1980,,0,0.8133
2025-12,2025,12,Tropics,0.725,1951-1980,,0,0.8028
2026-01,2026,1,Tropics,0.779,1951-1980,,0,0.8006
2026-02,2026,2,Tropics,0.759,1951-1980,,0,0.7917
2026-03,2026,3,Tropics,0.851,1951-1980,,0,0.792
2026-04,2026,4,Tropics,0.8,1951-1980,,0,0.7937
